Workbook
Name CPI_2012: #REF!
Name CPI_2012: #REF!

Sheet CPI2025
A1: Corruption Perceptions Index 2025: Global scores
A2: EMBARGOED UNTIL 10.02.2026
A4: Country / Territory | B4: ISO3 | C4: Region | D4: CPI 2025 score | E4: Rank | F4: Standard error 2025 | G4: Number of sources | H4: Lower CI | I4: Upper CI | J4: African Development Bank CPIA | K4: Bertelsmann Foundation Sustainable Governance Index | L4: Bertelsmann Foundation Transformation Index | M4: Economist Intelligence Unit Country Ratings | N4: Freedom House Nations In Transit | O4: Global Insights Country Risk Ratings | P4: IMD World Competitiveness Yearbook | Q4: PERC Asia Risk Guide | R4: PRS International Country Risk Guide | S4: Varieties of Democracy Project | T4: World Bank CPIA | U4: World Economic Forum EOS | V4: World Justice Project Rule of Law Index
A5: Denmark | B5: DNK | C5: =VLOOKUP(B5,'CPI Timeseries 2012 - 2025'!B:C,2,0) -> WE/EU | D5: 89 | E5: 1 | F5: 1.882284 | G5: 8 | H5: 85.91306 | I5: 92.08694 | K5: 97.34405 | M5: 82.83861 | O5: 85.22919 | P5: 93.08286 | R5: 100 | S5: 75.12891 | U5: 93.58622 | V5: 87.02797
A6: Finland | B6: FIN | C6: =VLOOKUP(B6,'CPI Timeseries 2012 - 2025'!B:C,2,0) -> WE/EU | D6: 88 | E6: 2 | F6: 1.806286 | G6: 8 | H6: 85.03769 | I6: 90.96231 | K6: 97.34405 | M6: 82.83861 | O6: 85.22919 | P6: 93.08286 | R6: 96.30098 | S6: 73.75974 | U6: 90.56377 | V6: 84.42215
A7: Singapore | B7: SGP | C7: =VLOOKUP(B7,'CPI Timeseries 2012 - 2025'!B:C,2,0) -> AP | D7: 84 | E7: 3 | F7: 1.518263 | G7: 9 | H7: 81.51005 | I7: 86.48995 | L7: 77.22701 | M7: 82.83861 | O7: 85.22919 | P7: 90.84637 | Q7: 88.35136 | R7: 78.1461 | S7: 73.07516 | U7: 99.16616 | V7: 85.29076
A8: New Zealand | B8: NZL | C8: =VLOOKUP(B8,'CPI Timeseries 2012 - 2025'!B:C,2,0) -> AP | D8: 81 | E8: 4 | F8: 2.036385 | G8: 8 | H8: 77.66033 | I8: 84.33967 | K8: 87.17163 | M8: 82.83861 | O8: 85.22919 | P8: 72.44612 | R8: 96.30098 | S8: 74.44433 | U8: 68.94151 | V8: 82.68494
A9: Norway | B9: NOR | C9: =VLOOKUP(B9,'CPI Timeseries 2012 - 2025'!B:C,2,0) -> WE/EU | D9: 81 | E9: 4 | F9: 1.618172 | G9: 8 | H9: 78.3462 | I9: 83.6538 | K9: 87.17163 | M9: 82.83861 | O9: 85.22919 | P9: 78.64731 | R9: 87.22354 | S9: 74.44433 | U9: 67.08154 | V9: 84.42215
A10: Sweden | B10: SWE | C10: =VLOOKUP(B10,'CPI Timeseries 2012 - 2025'!B:C,2,0) -> WE/EU | D10: 80 | E10: 6 | F10: 2.525394 | G10: 8 | H10: 75.85835 | I10: 84.14165 | K10: 87.17163 | M10: 82.83861 | O10: 85.22919 | P10: 70.71792 | R10: 96.30098 | S10: 74.44433 | U10: 60.80412 | V10: 84.42215
A11: Switzerland | B11: CHE | C11: =VLOOKUP(B11,'CPI Timeseries 2012 - 2025'!B:C,2,0) -> WE/EU | D11: 80 | E11: 6 | F11: 2.194526 | G11: 7 | H11: 76.40098 | I11: 83.59902 | K11: 87.17163 | M11: 82.83861 | O11: 71.92592 | P11: 87.49162 | R11: 87.22354 | S11: 73.75974 | U11: 68.47652
A12: Luxembourg | B12: LUX | C12: =VLOOKUP(B12,'CPI Timeseries 2012 - 2025'!B:C,2,0) -> WE/EU | D12: 78 | E12: 8 | F12: 2.192617 | G12: 7 | H12: 74.40411 | I12: 81.59589 | M12: 66.72388 | O12: 71.92592 | P12: 78.64731 | R12: 87.22354 | S12: 73.07516 | U12: 89.40128 | V12: 78.3419
A13: Netherlands | B13: NLD | C13: =VLOOKUP(B13,'CPI Timeseries 2012 - 2025'!B:C,2,0) -> WE/EU | D13: 78 | E13: 8 | F13: 2.403906 | G13: 8 | H13: 74.05759 | I13: 81.94241 | K13: 56.65436 | M13: 82.83861 | O13: 71.92592 | P13: 88.81319 | R13: 87.22354 | S13: 73.75974 | U13: 84.05384 | V13: 80.07912
A14: Germany | B14: DEU | C14: =VLOOKUP(B14,'CPI Timeseries 2012 - 2025'!B:C,2,0) -> WE/EU | D14: 77 | E14: 10 | F14: 1.85484 | G14: 8 | H14: 73.95806 | I14: 80.04194 | K14: 76.99921 | M14: 82.83861 | O14: 71.92592 | P14: 88.81319 | R14: 78.1461 | S14: 73.75974 | U14: 61.26911 | V14: 79.21051
A15: Iceland | B15: ISL | C15: =VLOOKUP(B15,'CPI Timeseries 2012 - 2025'!B:C,2,0) -> WE/EU | D15: 77 | E15: 10 | F15: 3.963409 | G15: 5 | H15: 70.50001 | I15: 83.49999 | M15: 66.72388 | O15: 71.92592 | P15: 95.11604 | R15: 78.1461 | S15: 73.75974
A16: Australia | B16: AUS | C16: =VLOOKUP(B16,'CPI Timeseries 2012 - 2025'!B:C,2,0) -> AP | D16: 76 | E16: 12 | F16: 1.429308 | G16: 9 | H16: 73.65594 | I16: 78.34406 | K16: 66.82678 | M16: 66.72388 | O16: 85.22919 | P16: 73.97101 | Q16: 88.15337 | R16: 78.1461 | S16: 73.07516 | U16: 73.82396 | V16: 80.07912
A17: Estonia | B17: EST | C17: =VLOOKUP(B17,'CPI Timeseries 2012 - 2025'!B:C,2,0) -> WE/EU | D17: 76 | E17: 12 | F17: 1.070026 | G17: 10 | H17: 74.24516 | I17: 77.75484 | K17: 87.17163 | L17: 85.82413 | M17: 66.72388 | N17: 74.05621 | O17: 71.92592 | P17: 78.34233 | R17: 69.06866 | S17: 73.07516 | U17: 80.79888 | V17: 75.73608
A18: Hong Kong | B18: HKG | C18: =VLOOKUP(B18,'CPI Timeseries 2012 - 2025'!B:C,2,0) -> AP | D18: 76 | E18: 12 | F18: 2.420668 | G18: 8 | H18: 72.03011 | I18: 79.96989 | M18: 82.83861 | O18: 58.82121 | P18: 90.94803 | Q18: 78.94705 | R18: 69.06866 | S18: 69.65223 | U18: 86.8438 | V18: 73.13026
A19: Ireland | B19: IRL | C19: =VLOOKUP(B19,'CPI Timeseries 2012 - 2025'!B:C,2,0) -> WE/EU | D19: 76 | E19: 12 | F19: 1.277815 | G19: 8 | H19: 73.90438 | I19: 78.09562 | K19: 76.99921 | M19: 66.72388 | O19: 71.92592 | P19: 85.86509 | R19: 78.1461 | S19: 73.07516 | U19: 77.77641 | V19: 77.4733
A20: Canada | B20: CAN | C20: =VLOOKUP(B20,'CPI Timeseries 2012 - 2025'!B:C,2,0) -> AME | D20: 75 | E20: 16 | F20: 1.959374 | G20: 8 | H20: 71.78663 | I20: 78.21337 | K20: 87.17163 | M20: 82.83861 | O20: 71.92592 | P20: 74.17432 | R20: 78.1461 | S20: 73.07516 | U20: 58.24664 | V20: 76.60469
A21: Uruguay | B21: URY | C21: =VLOOKUP(B21,'CPI Timeseries 2012 - 2025'!B:C,2,0) -> AME | D21: 73 | E21: 17 | F21: 1.320409 | G21: 7 | H21: 70.83453 | I21: 75.16547 | L21: 81.52557 | M21: 66.72388 | O21: 71.92592 | R21: 78.1461 | S21: 71.70599 | U21: 73.59147 | V21: 70.52444
A22: Bhutan | B22: BTN | C22: =VLOOKUP(B22,'CPI Timeseries 2012 - 2025'!B:C,2,0) -> AP | D22: 71 | E22: 18 | F22: 2.063194 | G22: 4 | H22: 67.61636 | I22: 74.38364 | L22: 72.92845 | O22: 71.92592 | S22: 64.17554 | T22: 75.11877
A23: Japan | B23: JPN | C23: =VLOOKUP(B23,'CPI Timeseries 2012 - 2025'!B:C,2,0) -> AP | D23: 71 | E23: 18 | F23: 2.489124 | G23: 9 | H23: 66.91784 | I23: 75.08216 | K23: 46.48194 | M23: 66.72388 | O23: 71.92592 | P23: 67.87148 | Q23: 79.73899 | R23: 59.99121 | S23: 71.0214 | U23: 92.42374 | V23: 78.3419
A24: United Kingdom | B24: GBR | C24: =VLOOKUP(B24,'CPI Timeseries 2012 - 2025'!B:C,2,0) -> WE/EU | D24: 70 | E24: 20 | F24: 1.576231 | G24: 8 | H24: 67.41498 | I24: 72.58502 | K24: 76.99921 | M24: 66.72388 | O24: 71.92592 | P24: 57.70559 | R24: 69.06866 | S24: 72.39057 | U24: 66.61655 | V24: 80.07912
A25: Austria | B25: AUT | C25: =VLOOKUP(B25,'CPI Timeseries 2012 - 2025'!B:C,2,0) -> WE/EU | D25: 69 | E25: 21 | F25: 1.246618 | G25: 8 | H25: 66.95554 | I25: 71.04446 | K25: 66.82678 | M25: 66.72388 | O25: 58.82121 | P25: 76.61414 | R25: 69.06866 | S25: 67.59846 | U25: 70.104 | V25: 74.86747
A26: Belgium | B26: BEL | C26: =VLOOKUP(B26,'CPI Timeseries 2012 - 2025'!B:C,2,0) -> WE/EU | D26: 69 | E26: 21 | F26: 1.414537 | G26: 8 | H26: 66.68016 | I26: 71.31984 | K26: 66.82678 | M26: 66.72388 | O26: 71.92592 | P26: 76.91911 | R26: 69.06866 | S26: 73.07516 | U26: 56.85166 | V26: 73.99887
A27: United Arab Emirates | B27: ARE | C27: =VLOOKUP(B27,'CPI Timeseries 2012 - 2025'!B:C,2,0) -> MENA | D27: 69 | E27: 21 | F27: 2.245328 | G27: 8 | H27: 65.31767 | I27: 72.68233 | L27: 60.03276 | M27: 66.72388 | O27: 58.82121 | P27: 86.98334 | R27: 59.99121 | S27: 67.59846 | U27: 77.77641 | V27: 71.39305
A28: Barbados | B28: BRB | C28: =VLOOKUP(B28,'CPI Timeseries 2012 - 2025'!B:C,2,0) -> AME | D28: 68 | E28: 24 | F28: 3.120304 | G28: 3 | H28: 62.8827 | I28: 73.1173 | O28: 71.92592 | S28: 70.33681 | V28: 60.96977
A29: Seychelles | B29: SYC | C29: =VLOOKUP(B29,'CPI Timeseries 2012 - 2025'!B:C,2,0) -> SSA | D29: 68 | E29: 24 | F29: 2.354847 | G29: 4 | H29: 64.13805 | I29: 71.86195 | J29: 60.36055 | M29: 66.72388 | O29: 71.92592 | S29: 71.70599
A30: Taiwan | B30: TWN | C30: =VLOOKUP(B30,'CPI Timeseries 2012 - 2025'!B:C,2,0) -> AP | D30: 68 | E30: 24 | F30: 1.70772 | G30: 8 | H30: 65.19934 | I30: 70.80066 | L30: 81.52557 | M30: 66.72388 | O30: 71.92592 | P30: 68.78641 | Q30: 62.61324 | R30: 59.99121 | S30: 59.38344 | U30: 72.89397
A31: France | B31: FRA | C31: =VLOOKUP(B31,'CPI Timeseries 2012 - 2025'!B:C,2,0) -> WE/EU | D31: 66 | E31: 27 | F31: 1.83174 | G31: 8 | H31: 62.99595 | I31: 69.00405 | K31: 66.82678 | M31: 66.72388 | O31: 58.82121 | P31: 55.4691 | R31: 78.1461 | S31: 71.70599 | U31: 56.61917 | V31: 70.52444
A32: Lithuania | B32: LTU | C32: =VLOOKUP(B32,'CPI Timeseries 2012 - 2025'!B:C,2,0) -> WE/EU | D32: 65 | E32: 28 | F32: 1.608554 | G32: 10 | H32: 62.36197 | I32: 67.63803 | K32: 66.82678 | L32: 72.92845 | M32: 50.60913 | N32: 66.61157 | O32: 58.82121 | P32: 68.88806 | R32: 50.91377 | S32: 63.49095 | U32: 84.51883 | V32: 69.65583
A33: Bahamas | B33: BHS | C33: =VLOOKUP(B33,'CPI Timeseries 2012 - 2025'!B:C,2,0) -> AME | D33: 64 | E33: 29 | F33: 6.560889 | G33: 3 | H33: 53.24014 | I33: 74.75986 | O33: 58.82121 | R33: 78.1461 | V33: 54.88952
A34: United States of America | B34: USA | C34: =VLOOKUP(B34,'CPI Timeseries 2012 - 2025'!B:C,2,0) -> AME | D34: 64 | E34: 29 | F34: 2.638514 | G34: 9 | H34: 59.67284 | I34: 68.32716 | K34: 66.82678 | M34: 66.72388 | O34: 85.22919 | P34: 50.69114 | Q34: 36.77613 | R34: 69.06866 | S34: 71.70599 | U34: 62.1991 | V34: 69.65583
A35: Brunei Darussalam | B35: BRN | C35: =VLOOKUP(B35,'CPI Timeseries 2012 - 2025'!B:C,2,0) -> AP | D35: 63 | E35: 31 | F35: 5.629506 | G35: 3 | H35: 53.76761 | I35: 72.23239 | O35: 71.92592 | R35: 50.91377 | U35: 64.75657
A36: Chile | B36: CHL | C36: =VLOOKUP(B36,'CPI Timeseries 2012 - 2025'!B:C,2,0) -> AME | D36: 63 | E36: 31 | F36: 2.333968 | G36: 8 | H36: 59.17229 | I36: 66.82771 | L36: 81.52557 | M36: 66.72388 | O36: 58.82121 | P36: 48.45464 | R36: 59.99121 | S36: 69.65223 | U36: 53.3642 | V36: 63.57559
A37: Korea, South | B37: KOR | C37: =VLOOKUP(B37,'CPI Timeseries 2012 - 2025'!B:C,2,0) -> AP | D37: 63 | E37: 31 | F37: 1.515392 | G37: 9 | H37: 60.51476 | I37: 65.48524 | L37: 60.03276 | M37: 66.72388 | O37: 58.82121 | P37: 48.96294 | Q37: 57.26764 | R37: 75.96751 | S37: 64.17554 | U37: 62.4316 | V37: 70.52444
A38: Saint Vincent and the Grenadines | B38: VCT | C38: =VLOOKUP(B38,'CPI Timeseries 2012 - 2025'!B:C,2,0) -> AME | D38: 63 | E38: 31 | F38: 1.949243 | G38: 3 | H38: 59.80324 | I38: 66.19675 | O38: 58.82121 | T38: 63.1382 | V38: 66.18141
A39: Cabo Verde | B39: CPV | C39: =VLOOKUP(B39,'CPI Timeseries 2012 - 2025'!B:C,2,0) -> SSA | D39: 62 | E39: 35 | F39: 4.233232 | G39: 5 | H39: 55.0575 | I39: 68.9425 | J39: 55.34176 | O39: 71.92592 | S39: 57.32968 | T39: 75.11877 | U39: 47.78427
A40: Israel | B40: ISR | C40: =VLOOKUP(B40,'CPI Timeseries 2012 - 2025'!B:C,2,0) -> MENA | D40: 62 | E40: 35 | F40: 2.599745 | G40: 5 | H40: 57.73642 | I40: 66.26358 | K40: 66.82678 | M40: 66.72388 | O40: 58.82121 | R40: 50.91377 | S40: 66.91388
A41: Dominica | B41: DMA | C41: =VLOOKUP(B41,'CPI Timeseries 2012 - 2025'!B:C,2,0) -> AME | D41: 60 | E41: 37 | F41: 1.746044 | G41: 3 | H41: 57.13649 | I41: 62.86351 | O41: 58.82121 | T41: 63.1382 | V41: 56.62674
A42: Latvia | B42: LVA | C42: =VLOOKUP(B42,'CPI Timeseries 2012 - 2025'!B:C,2,0) -> WE/EU | D42: 60 | E42: 37 | F42: 2.11327 | G42: 10 | H42: 56.53424 | I42: 63.46576 | K42: 76.99921 | L42: 72.92845 | M42: 50.60913 | N42: 66.61157 | O42: 58.82121 | P42: 58.31555 | R42: 50.91377 | S42: 70.33681 | U42: 31.74196 | V42: 65.31281
A43: Czechia | B43: CZE | C43: =VLOOKUP(B43,'CPI Timeseries 2012 - 2025'!B:C,2,0) -> WE/EU | D43: 59 | E43: 39 | F43: 0.8748958 | G43: 10 | H43: 57.56517 | I43: 60.43483 | K43: 56.65436 | L43: 60.03276 | M43: 50.60913 | N43: 62.88926 | O43: 58.82121 | P43: 63.19517 | R43: 50.91377 | S43: 68.28305 | U43: 58.01415 | V43: 62.70698
A44: Saint Lucia | B44: LCA | C44: =VLOOKUP(B44,'CPI Timeseries 2012 - 2025'!B:C,2,0) -> AME | D44: 59 | E44: 39 | F44: 7.922969 | G44: 3 | H44: 46.00633 | I44: 71.99367 | O44: 45.51793 | T44: 75.11877 | V44: 55.75813
A45: Botswana | B45: BWA | C45: =VLOOKUP(B45,'CPI Timeseries 2012 - 2025'!B:C,2,0) -> SSA | D45: 58 | E45: 41 | F45: 1.993262 | G45: 9 | H45: 54.73105 | I45: 61.26895 | J45: 58.89674 | L45: 55.7342 | M45: 66.72388 | O45: 71.92592 | P45: 39.30535 | R45: 69.06866 | S45: 58.69885 | U45: 48.71426 | V45: 53.15231
A46: Qatar | B46: QAT | C46: =VLOOKUP(B46,'CPI Timeseries 2012 - 2025'!B:C,2,0) -> MENA | D46: 58 | E46: 41 | F46: 3.373996 | G46: 8 | H46: 52.46664 | I46: 63.53336 | L46: 42.83851 | M46: 66.72388 | O46: 45.51793 | P46: 84.3402 | R46: 50.91377 | S46: 49.79923 | U46: 72.19649 | V46: 50.54649
A47: Rwanda | B47: RWA | C47: =VLOOKUP(B47,'CPI Timeseries 2012 - 2025'!B:C,2,0) -> SSA | D47: 58 | E47: 41 | F47: 2.779256 | G47: 7 | H47: 53.44202 | I47: 62.55798 | J47: 69.35255 | L47: 47.13707 | O47: 58.82121 | S47: 46.3763 | T47: 51.15763 | U47: 72.66148 | V47: 60.10116
A48: Slovenia | B48: SVN | C48: =VLOOKUP(B48,'CPI Timeseries 2012 - 2025'!B:C,2,0) -> WE/EU | D48: 58 | E48: 41 | F48: 1.74237 | G48: 10 | H48: 55.14251 | I48: 60.85749 | K48: 66.82678 | L48: 64.33132 | M48: 50.60913 | N48: 74.05621 | O48: 58.82121 | P48: 43.16838 | R48: 50.91377 | S48: 71.0214 | U48: 43.13433 | V48: 59.23256
A49: Saudi Arabia | B49: SAU | C49: =VLOOKUP(B49,'CPI Timeseries 2012 - 2025'!B:C,2,0) -> MENA | D49: 57 | E49: 45 | F49: 3.839221 | G49: 7 | H49: 50.70368 | I49: 63.29632 | L49: 38.53995 | M49: 50.60913 | O49: 45.51793 | P49: 77.42741 | R49: 70.52104 | S49: 52.53758 | U49: 67.31404
A50: Costa Rica | B50: CRI | C50: =VLOOKUP(B50,'CPI Timeseries 2012 - 2025'!B:C,2,0) -> AME | D50: 56 | E50: 46 | F50: 2.825668 | G50: 7 | H50: 51.36591 | I50: 60.63409 | L50: 72.92845 | M50: 50.60913 | O50: 58.82121 | R50: 41.83633 | S50: 61.43719 | U50: 46.38929 | V50: 60.96977
A51: Grenada | B51: GRD | C51: =VLOOKUP(B51,'CPI Timeseries 2012 - 2025'!B:C,2,0) -> AME | D51: 56 | E51: 46 | F51: 4.877285 | G51: 3 | H51: 48.00126 | I51: 63.99874 | O51: 45.51793 | T51: 63.1382 | V51: 59.23256
A52: Portugal | B52: PRT | C52: =VLOOKUP(B52,'CPI Timeseries 2012 - 2025'!B:C,2,0) -> WE/EU | D52: 56 | E52: 46 | F52: 2.266899 | G52: 8 | H52: 52.28229 | I52: 59.71771 | K52: 56.65436 | M52: 34.4944 | O52: 58.82121 | P52: 47.64137 | R52: 59.99121 | S52: 64.17554 | U52: 60.80412 | V52: 62.70698
A53: Cyprus | B53: CYP | C53: =VLOOKUP(B53,'CPI Timeseries 2012 - 2025'!B:C,2,0) -> WE/EU | D53: 55 | E53: 49 | F53: 2.243217 | G53: 6 | H53: 51.32113 | I53: 58.67887 | M53: 50.60913 | O53: 58.82121 | P53: 45.0999 | R53: 50.91377 | S53: 64.17554 | V53: 60.10116
A54: Fiji | B54: FJI | C54: =VLOOKUP(B54,'CPI Timeseries 2012 - 2025'!B:C,2,0) -> AP | D54: 55 | E54: 49 | F54: 2.02141 | G54: 3 | H54: 51.68489 | I54: 58.31511 | O54: 58.82121 | S54: 55.27592 | T54: 51.15763
A55: Spain | B55: ESP | C55: =VLOOKUP(B55,'CPI Timeseries 2012 - 2025'!B:C,2,0) -> WE/EU | D55: 55 | E55: 49 | F55: 2.539597 | G55: 8 | H55: 50.83506 | I55: 59.16494 | K55: 66.82678 | M55: 50.60913 | O55: 45.51793 | P55: 45.6082 | R55: 50.91377 | S55: 68.28305 | U55: 42.90183 | V55: 68.78722
A56: Italy | B56: ITA | C56: =VLOOKUP(B56,'CPI Timeseries 2012 - 2025'!B:C,2,0) -> WE/EU | D56: 53 | E56: 52 | F56: 1.751435 | G56: 8 | H56: 50.12765 | I56: 55.87235 | K56: 56.65436 | M56: 50.60913 | O56: 58.82121 | P56: 40.62691 | R56: 50.91377 | S56: 61.43719 | U56: 45.6918 | V56: 61.83838
A57: Poland | B57: POL | C57: =VLOOKUP(B57,'CPI Timeseries 2012 - 2025'!B:C,2,0) -> WE/EU | D57: 53 | E57: 52 | F57: 2.028304 | G57: 10 | H57: 49.67358 | I57: 56.32642 | K57: 26.13709 | L57: 68.62988 | M57: 50.60913 | N57: 55.44462 | O57: 58.82121 | P57: 46.72644 | R57: 41.83633 | S57: 68.28305 | U57: 58.94414 | V57: 59.23256
A58: Malaysia | B58: MYS | C58: =VLOOKUP(B58,'CPI Timeseries 2012 - 2025'!B:C,2,0) -> AP | D58: 52 | E58: 54 | F58: 1.287549 | G58: 9 | H58: 49.88842 | I58: 54.11158 | L58: 51.43563 | M58: 50.60913 | O58: 58.82121 | P58: 49.87786 | Q58: 40.0429 | R58: 53.27391 | S58: 53.22216 | U58: 63.59408 | V58: 47.07206
A59: Oman | B59: OMN | C59: =VLOOKUP(B59,'CPI Timeseries 2012 - 2025'!B:C,2,0) -> MENA | D59: 52 | E59: 54 | F59: 5.538147 | G59: 7 | H59: 42.91744 | I59: 61.08256 | L59: 21.3457 | M59: 34.4944 | O59: 58.82121 | P59: 72.95441 | R59: 41.83633 | S59: 57.32968 | U59: 78.7064
A60: Bahrain | B60: BHR | C60: =VLOOKUP(B60,'CPI Timeseries 2012 - 2025'!B:C,2,0) -> MENA | D60: 50 | E60: 56 | F60: 6.219367 | G60: 7 | H60: 39.80024 | I60: 60.19976 | L60: 29.94282 | M60: 34.4944 | O60: 32.21466 | P60: 78.34233 | R60: 50.91377 | S60: 40.21503 | U60: 87.30879
A61: Georgia | B61: GEO | C61: =VLOOKUP(B61,'CPI Timeseries 2012 - 2025'!B:C,2,0) -> ECA | D61: 50 | E61: 56 | F61: 4.311249 | G61: 6 | H61: 42.92955 | I61: 57.07045 | L61: 34.24139 | N61: 51.7223 | O61: 32.21466 | S61: 62.12178 | U61: 65.22157 | V61: 53.15231
A62: Greece | B62: GRC | C62: =VLOOKUP(B62,'CPI Timeseries 2012 - 2025'!B:C,2,0) -> WE/EU | D62: 50 | E62: 56 | F62: 1.649432 | G62: 8 | H62: 47.29493 | I62: 52.70507 | K62: 56.65436 | M62: 50.60913 | O62: 58.82121 | P62: 41.54184 | R62: 41.83633 | S62: 58.69885 | U62: 44.52931 | V62: 49.67788
A63: Jordan | B63: JOR | C63: =VLOOKUP(B63,'CPI Timeseries 2012 - 2025'!B:C,2,0) -> MENA | D63: 50 | E63: 56 | F63: 3.242131 | G63: 8 | H63: 44.6829 | I63: 55.3171 | L63: 38.53995 | M63: 50.60913 | O63: 32.21466 | P63: 71.63285 | R63: 41.83633 | S63: 46.3763 | U63: 70.33649 | V63: 52.2837
A64: Malta | B64: MLT | C64: =VLOOKUP(B64,'CPI Timeseries 2012 - 2025'!B:C,2,0) -> WE/EU | D64: 49 | E64: 60 | F64: 3.2545 | G64: 6 | H64: 43.66262 | I64: 54.33738 | M64: 50.60913 | O64: 45.51793 | R64: 32.75889 | S64: 62.12178 | U64: 44.29681 | V64: 57.49534
A65: Mauritius | B65: MUS | C65: =VLOOKUP(B65,'CPI Timeseries 2012 - 2025'!B:C,2,0) -> SSA | D65: 48 | E65: 61 | F65: 1.511846 | G65: 7 | H65: 45.52057 | I65: 50.47943 | J65: 41.54009 | L65: 47.13707 | M65: 50.60913 | O65: 58.82121 | S65: 44.32255 | U65: 45.4593 | V65: 50.54649
A66: Slovakia | B66: SVK | C66: =VLOOKUP(B66,'CPI Timeseries 2012 - 2025'!B:C,2,0) -> WE/EU | D66: 48 | E66: 61 | F66: 2.819107 | G66: 9 | H66: 43.37667 | I66: 52.62333 | K66: 36.30951 | L66: 51.43563 | M66: 50.60913 | N66: 59.16693 | O66: 71.92592 | P66: 24.15818 | R66: 32.75889 | S66: 55.96051 | V66: 47.07206
A67: Croatia | B67: HRV | C67: =VLOOKUP(B67,'CPI Timeseries 2012 - 2025'!B:C,2,0) -> WE/EU | D67: 47 | E67: 63 | F67: 1.833445 | G67: 9 | H67: 43.99315 | I67: 50.00685 | L67: 55.7342 | M67: 50.60913 | N67: 51.7223 | O67: 45.51793 | P67: 31.17264 | R67: 50.91377 | S67: 57.32968 | U67: 31.74196 | V67: 49.67788
A68: Vanuatu | B68: VUT | C68: =VLOOKUP(B68,'CPI Timeseries 2012 - 2025'!B:C,2,0) -> AP | D68: 47 | E68: 63 | F68: 4.27416 | G68: 3 | H68: 39.99038 | I68: 54.00962 | O68: 45.51793 | S68: 55.27592 | T68: 39.17706
A69: Armenia | B69: ARM | C69: =VLOOKUP(B69,'CPI Timeseries 2012 - 2025'!B:C,2,0) -> ECA | D69: 46 | E69: 65 | F69: 2.304935 | G69: 6 | H69: 42.21991 | I69: 49.78009 | L69: 51.43563 | N69: 44.27766 | O69: 45.51793 | R69: 32.75889 | S69: 49.79923 | U69: 53.13171
A70: Kuwait | B70: KWT | C70: =VLOOKUP(B70,'CPI Timeseries 2012 - 2025'!B:C,2,0) -> MENA | D70: 46 | E70: 65 | F70: 2.086018 | G70: 8 | H70: 42.57893 | I70: 49.42107 | L70: 47.13707 | M70: 34.4944 | O70: 32.21466 | P70: 49.67455 | R70: 41.83633 | S70: 53.90675 | U70: 58.94414 | V70: 47.07206
A71: Montenegro | B71: MNE | C71: =VLOOKUP(B71,'CPI Timeseries 2012 - 2025'!B:C,2,0) -> ECA | D71: 46 | E71: 65 | F71: 2.946879 | G71: 5 | H71: 41.16712 | I71: 50.83288 | L71: 60.03276 | N71: 44.27766 | O71: 45.51793 | S71: 40.89962 | V71: 40.12321
A72: Namibia | B72: NAM | C72: =VLOOKUP(B72,'CPI Timeseries 2012 - 2025'!B:C,2,0) -> SSA | D72: 46 | E72: 65 | F72: 2.01956 | G72: 9 | H72: 42.68792 | I72: 49.31208 | J72: 51.9959 | L72: 34.24139 | M72: 50.60913 | O72: 58.82121 | P72: 28.42785 | R72: 50.91377 | S72: 55.96051 | U72: 36.6244 | V72: 47.07206
A73: Senegal | B73: SEN | C73: =VLOOKUP(B73,'CPI Timeseries 2012 - 2025'!B:C,2,0) -> SSA | D73: 46 | E73: 65 | F73: 1.173817 | G73: 9 | H73: 44.07494 | I73: 47.92506 | J73: 48.44093 | L73: 38.53995 | M73: 50.60913 | O73: 45.51793 | R73: 41.83633 | S73: 54.59134 | T73: 51.15763 | U73: 36.15941 | V73: 46.20345
A74: Benin | B74: BEN | C74: =VLOOKUP(B74,'CPI Timeseries 2012 - 2025'!B:C,2,0) -> SSA | D74: 45 | E74: 70 | F74: 3.401294 | G74: 6 | H74: 39.42188 | I74: 50.57812 | J74: 48.44093 | L74: 42.83851 | O74: 32.21466 | S74: 62.12178 | T74: 51.15763 | V74: 35.78017
A75: Romania | B75: ROU | C75: =VLOOKUP(B75,'CPI Timeseries 2012 - 2025'!B:C,2,0) -> WE/EU | D75: 45 | E75: 70 | F75: 1.369645 | G75: 9 | H75: 42.75378 | I75: 47.24622 | L75: 42.83851 | M75: 34.4944 | N75: 59.16693 | O75: 45.51793 | P75: 37.37383 | R75: 41.83633 | S75: 49.11465 | U75: 43.83182 | V75: 47.07206
A76: Sao Tome and Principe | B76: STP | C76: =VLOOKUP(B76,'CPI Timeseries 2012 - 2025'!B:C,2,0) -> SSA | D76: 45 | E76: 70 | F76: 5.382471 | G76: 4 | H76: 36.17275 | I76: 53.82725 | J76: 27.5293 | O76: 45.51793 | S76: 55.96051 | T76: 51.15763
A77: Jamaica | B77: JAM | C77: =VLOOKUP(B77,'CPI Timeseries 2012 - 2025'!B:C,2,0) -> AME | D77: 44 | E77: 73 | F77: 3.612628 | G77: 6 | H77: 38.07529 | I77: 49.92471 | L77: 38.53995 | M77: 34.4944 | O77: 32.21466 | R77: 41.83633 | S77: 62.80637 | V77: 51.41509
A78: Solomon Islands | B78: SLB | C78: =VLOOKUP(B78,'CPI Timeseries 2012 - 2025'!B:C,2,0) -> AP | D78: 44 | E78: 73 | F78: 6.890571 | G78: 3 | H78: 32.69946 | I78: 55.30054 | O78: 58.82121 | S78: 34.05376 | T78: 39.17706
A79: Timor-Leste | B79: TLS | C79: =VLOOKUP(B79,'CPI Timeseries 2012 - 2025'!B:C,2,0) -> AP | D79: 44 | E79: 73 | F79: 5.129336 | G79: 4 | H79: 35.58789 | I79: 52.41211 | L79: 42.83851 | O79: 32.21466 | S79: 60.06802 | T79: 39.17706
A80: China | B80: CHN | C80: =VLOOKUP(B80,'CPI Timeseries 2012 - 2025'!B:C,2,0) -> AP | D80: 43 | E80: 76 | F80: 1.302773 | G80: 8 | H80: 40.86345 | I80: 45.13655 | L80: 42.83851 | M80: 50.60913 | O80: 45.51793 | P80: 48.14967 | Q80: 41.62678 | R80: 32.75889 | S80: 37.47668 | V80: 41.86042
A81: Cote d'Ivoire | B81: CIV | C81: =VLOOKUP(B81,'CPI Timeseries 2012 - 2025'!B:C,2,0) -> SSA | D81: 43 | E81: 76 | F81: 2.777115 | G81: 9 | H81: 38.44553 | I81: 47.55447 | J81: 55.34176 | L81: 25.64426 | M81: 34.4944 | O81: 58.82121 | R81: 50.91377 | S81: 32.68459 | T81: 63.1382 | U81: 41.04185 | V81: 25.35689
A82: Ghana | B82: GHA | C82: =VLOOKUP(B82,'CPI Timeseries 2012 - 2025'!B:C,2,0) -> SSA | D82: 43 | E82: 76 | F82: 1.540763 | G82: 10 | H82: 40.47315 | I82: 45.52685 | J82: 58.89674 | L82: 42.83851 | M82: 50.60913 | O82: 45.51793 | P82: 31.7826 | R82: 50.91377 | S82: 31.31541 | T82: 51.15763 | U82: 35.92691 | V82: 33.17435
A83: Kosovo | B83: KSV | C83: =VLOOKUP(B83,'CPI Timeseries 2012 - 2025'!B:C,2,0) -> ECA | D83: 43 | E83: 76 | F83: 2.234082 | G83: 7 | H83: 39.33611 | I83: 46.66389 | L83: 42.83851 | N83: 33.11071 | O83: 45.51793 | S83: 56.64509 | T83: 51.15763 | U83: 35.92691 | V83: 39.2546
A84: Moldova | B84: MDA | C84: =VLOOKUP(B84,'CPI Timeseries 2012 - 2025'!B:C,2,0) -> ECA | D84: 42 | E84: 80 | F84: 1.763393 | G84: 7 | H84: 39.10804 | I84: 44.89196 | L84: 42.83851 | M84: 34.4944 | N84: 36.83303 | O84: 45.51793 | R84: 44.19647 | S84: 52.53758 | V84: 34.91157
A85: South Africa | B85: ZAF | C85: =VLOOKUP(B85,'CPI Timeseries 2012 - 2025'!B:C,2,0) -> SSA | D85: 41 | E85: 81 | F85: 2.391731 | G85: 9 | H85: 37.07756 | I85: 44.92244 | J85: 62.45171 | L85: 47.13707 | M85: 50.60913 | O85: 45.51793 | P85: 21.51505 | R85: 41.83633 | S85: 36.7921 | U85: 25.92953 | V85: 40.12321
A86: Trinidad and Tobago | B86: TTO | C86: =VLOOKUP(B86,'CPI Timeseries 2012 - 2025'!B:C,2,0) -> AME | D86: 41 | E86: 81 | F86: 4.441184 | G86: 6 | H86: 33.71646 | I86: 48.28354 | L86: 34.24139 | M86: 34.4944 | O86: 32.21466 | R86: 32.75889 | S86: 68.96764 | V86: 40.99181
A87: Vietnam | B87: VNM | C87: =VLOOKUP(B87,'CPI Timeseries 2012 - 2025'!B:C,2,0) -> AP | D87: 41 | E87: 81 | F87: 1.716734 | G87: 8 | H87: 38.18456 | I87: 43.81544 | L87: 38.53995 | M87: 34.4944 | O87: 45.51793 | Q87: 32.32146 | R87: 38.75 | S87: 41.5842 | U87: 56.15417 | V87: 36.64878
A88: Bulgaria | B88: BGR | C88: =VLOOKUP(B88,'CPI Timeseries 2012 - 2025'!B:C,2,0) -> WE/EU | D88: 40 | E88: 84 | F88: 1.956796 | G88: 9 | H88: 36.79086 | I88: 43.20914 | L88: 51.43563 | M88: 34.4944 | N88: 55.44462 | O88: 32.21466 | P88: 25.17477 | R88: 50.91377 | S88: 35.42293 | U88: 38.94938 | V88: 37.51739
A89: Burkina Faso | B89: BFA | C89: =VLOOKUP(B89,'CPI Timeseries 2012 - 2025'!B:C,2,0) -> SSA | D89: 40 | E89: 84 | F89: 2.493685 | G89: 7 | H89: 35.91035 | I89: 44.08965 | J89: 51.9959 | L89: 25.64426 | O89: 45.51793 | R89: 32.75889 | S89: 48.43006 | T89: 39.17706 | V89: 35.78017
A90: Cuba | B90: CUB | C90: =VLOOKUP(B90,'CPI Timeseries 2012 - 2025'!B:C,2,0) -> AME | D90: 40 | E90: 84 | F90: 2.617276 | G90: 5 | H90: 35.70767 | I90: 44.29233 | L90: 38.53995 | M90: 50.60913 | O90: 32.21466 | R90: 41.83633 | S90: 34.73835
A91: Guyana | B91: GUY | C91: =VLOOKUP(B91,'CPI Timeseries 2012 - 2025'!B:C,2,0) -> AME | D91: 40 | E91: 84 | F91: 1.797642 | G91: 5 | H91: 37.05186 | I91: 42.94814 | O91: 32.21466 | R91: 41.83633 | S91: 45.69172 | T91: 39.17706 | V91: 39.2546
A92: Hungary | B92: HUN | C92: =VLOOKUP(B92,'CPI Timeseries 2012 - 2025'!B:C,2,0) -> WE/EU | D92: 40 | E92: 84 | F92: 0.86764 | G92: 10 | H92: 38.57707 | I92: 41.42293 | K92: 36.30951 | L92: 29.94282 | M92: 50.60913 | N92: 40.55534 | O92: 45.51793 | P92: 37.17051 | R92: 41.83633 | S92: 40.89962 | U92: 39.18188 | V92: 40.99181
A93: North Macedonia | B93: MKD | C93: =VLOOKUP(B93,'CPI Timeseries 2012 - 2025'!B:C,2,0) -> ECA | D93: 40 | E93: 84 | F93: 2.41958 | G93: 7 | H93: 36.03189 | I93: 43.96811 | L93: 51.43563 | M93: 34.4944 | N93: 44.27766 | O93: 45.51793 | S93: 23.78497 | U93: 35.92691 | V93: 41.86042
A94: Tanzania | B94: TZA | C94: =VLOOKUP(B94,'CPI Timeseries 2012 - 2025'!B:C,2,0) -> SSA | D94: 40 | E94: 84 | F94: 1.843424 | G94: 9 | H94: 36.97678 | I94: 43.02322 | J94: 48.44093 | L94: 34.24139 | M94: 34.4944 | O94: 32.21466 | R94: 32.75889 | S94: 58.01427 | T94: 39.17706 | U94: 50.10924 | V94: 32.30574
A95: Albania | B95: ALB | C95: =VLOOKUP(B95,'CPI Timeseries 2012 - 2025'!B:C,2,0) -> ECA | D95: 39 | E95: 91 | F95: 2.411099 | G95: 7 | H95: 35.0458 | I95: 42.9542 | L95: 55.7342 | M95: 34.4944 | N95: 44.27766 | O95: 32.21466 | R95: 41.83633 | S95: 32 | V95: 31.43714
A96: India | B96: IND | C96: =VLOOKUP(B96,'CPI Timeseries 2012 - 2025'!B:C,2,0) -> AP | D96: 39 | E96: 91 | F96: 1.451228 | G96: 9 | H96: 36.61999 | I96: 41.38001 | L96: 47.13707 | M96: 34.4944 | O96: 45.51793 | P96: 40.11862 | Q96: 33.50938 | R96: 50.91377 | S96: 29.26165 | U96: 38.25188 | V96: 31.43714
A97: Maldives | B97: MDV | C97: =VLOOKUP(B97,'CPI Timeseries 2012 - 2025'!B:C,2,0) -> AP | D97: 39 | E97: 91 | F97: 3.732095 | G97: 3 | H97: 32.87936 | I97: 45.12064 | O97: 32.21466 | S97: 46.3763 | T97: 39.17706
A98: Morocco | B98: MAR | C98: =VLOOKUP(B98,'CPI Timeseries 2012 - 2025'!B:C,2,0) -> MENA | D98: 39 | E98: 91 | F98: 1.852868 | G98: 8 | H98: 35.9613 | I98: 42.0387 | J98: 48.44093 | L98: 29.94282 | M98: 34.4944 | O98: 32.21466 | R98: 50.18758 | S98: 31.31541 | U98: 44.99431 | V98: 36.64878
A99: Tunisia | B99: TUN | C99: =VLOOKUP(B99,'CPI Timeseries 2012 - 2025'!B:C,2,0) -> MENA | D99: 39 | E99: 91 | F99: 1.316998 | G99: 8 | H99: 36.84012 | I99: 41.15988 | J99: 41.54009 | L99: 34.24139 | M99: 34.4944 | O99: 45.51793 | R99: 32.75889 | S99: 47.06089 | U99: 43.59932 | V99: 34.91157
A100: Ethiopia | B100: ETH | C100: =VLOOKUP(B100,'CPI Timeseries 2012 - 2025'!B:C,2,0) -> SSA | D100: 38 | E100: 96 | F100: 1.362836 | G100: 8 | H100: 35.76495 | I100: 40.23505 | J100: 44.88595 | L100: 34.24139 | M100: 34.4944 | O100: 45.51793 | R100: 37.29761 | S100: 37.47668 | T100: 39.17706 | V100: 27.0941
A101: Kazakhstan | B101: KAZ | C101: =VLOOKUP(B101,'CPI Timeseries 2012 - 2025'!B:C,2,0) -> ECA | D101: 38 | E101: 96 | F101: 3.533891 | G101: 9 | H101: 32.20442 | I101: 43.79558 | L101: 34.24139 | M101: 18.37966 | N101: 18.22144 | O101: 45.51793 | P101: 63.19517 | R101: 69.06866 | S101: 26.52331 | U101: 27.09202 | V101: 38.38599
...

Sheet CPI Timeseries 2012 - 2025
A1: Corruption Perceptions Index 2025: Score timeseries since 2012
A2: EMBARGOED UNTIL 10.02.2026
A4: Country / Territory | B4: ISO3 | C4: Region | D4: CPI score 2025 | E4: Rank 2025 | F4: Sources 2025 | G4: Standard error 2025 | H4: CPI score 2024 | I4: Rank 2024 | J4: Sources 2024 | K4: Standard error 2024 | L4: CPI score 2023 | M4: Rank 2023 | N4: Sources 2023 | O4: Standard error 2023 | P4: CPI score 2022 | Q4: Rank 2022 | R4: Sources 2022 | S4: Standard error 2022 | T4: CPI score 2021 | U4: Rank 2021 | V4: Sources 2021 | W4: Standard error 2021 | X4: CPI score 2020 | Y4: Rank 2020 | Z4: Sources 2020 | AA4: Standard error 2020 | AB4: CPI score 2019 | AC4: Rank 2019 | AD4: Sources 2019 | AE4: Standard error 2019 | AF4: CPI score 2018 | AG4: Rank 2018 | AH4: Sources 2018 | AI4: Standard error 2018 | AJ4: CPI score 2017 | AK4: Rank 2017 | AL4: Sources 2017 | AM4: Standard error 2017 | AN4: CPI score 2016 | AO4: Sources 2016 | AP4: Standard error 2016 | AQ4: CPI score 2015 | AR4: Sources 2015 | AS4: Standard error 2015 | AT4: CPI score 2014 | AU4: Sources 2014 | AV4: Standard error 2014 | AW4: CPI Score 2013 | AX4: Sources 2013 | AY4: Standard error 2013 | AZ4: CPI Score 2012 | BA4: Sources 2012 | BB4: Standard error 2012
A5: Afghanistan | B5: AFG | C5: AP | D5: 16 | E5: 169 | F5: 5 | G5: 4.225913 | H5: 17 | I5: 165 | J5: 5 | K5: 5.759683 | L5: 20 | M5: 162 | N5: 5 | O5: 6.244771 | P5: 24 | Q5: 150 | R5: 4 | S5: 6.299999 | T5: 16 | U5: 174 | V5: 5 | W5: 2.12416 | X5: 19 | Y5: 165 | Z5: 5 | AA5: 2.440014 | AB5: 16 | AC5: 173 | AD5: 5 | AE5: 2.554536 | AF5: 16 | AG5: 172 | AH5: 5 | AI5: 1.41 | AJ5: 15 | AK5: 177 | AL5: 5 | AM5: 1.39 | AN5: 15 | AO5: 5 | AP5: 1.74 | AQ5: 11 | AR5: 4 | AS5: 3.49 | AT5: 12 | AU5: 4 | AV5: 1.29 | AW5: 8 | AX5: 3 | AY5: 3.3 | AZ5: 8 | BA5: 3 | BB5: 3.3
A6: Albania | B6: ALB | C6: ECA | D6: 39 | E6: 91 | F6: 7 | G6: 2.411099 | H6: 42 | I6: 80 | J6: 8 | K6: 3.030323 | L6: 37 | M6: 98 | N6: 7 | O6: 1.560074 | P6: 36 | Q6: 101 | R6: 8 | S6: 1.316355 | T6: 35 | U6: 110 | V6: 8 | W6: 1.326029 | X6: 36 | Y6: 104 | Z6: 8 | AA6: 0.915488 | AB6: 35 | AC6: 106 | AD6: 8 | AE6: 2.507669 | AF6: 36 | AG6: 99 | AH6: 8 | AI6: 1.65 | AJ6: 38 | AK6: 91 | AL6: 8 | AM6: 1.81 | AN6: 39 | AO6: 7 | AP6: 1.99 | AQ6: 36 | AR6: 7 | AS6: 3.58 | AT6: 33 | AU6: 7 | AV6: 1.51 | AW6: 31 | AX6: 7 | AY6: 2.1 | AZ6: 33 | BA6: 7 | BB6: 2
A7: Algeria | B7: DZA | C7: MENA | D7: 34 | E7: 109 | F7: 8 | G7: 2.318018 | H7: 34 | I7: 107 | J7: 8 | K7: 2.640527 | L7: 36 | M7: 104 | N7: 7 | O7: 2.327238 | P7: 33 | Q7: 116 | R7: 6 | S7: 1.673809 | T7: 33 | U7: 117 | V7: 7 | W7: 1.07623 | X7: 36 | Y7: 104 | Z7: 7 | AA7: 1.481484 | AB7: 35 | AC7: 106 | AD7: 7 | AE7: 2.590262 | AF7: 35 | AG7: 105 | AH7: 6 | AI7: 1.21 | AJ7: 33 | AK7: 112 | AL7: 6 | AM7: 2.32 | AN7: 34 | AO7: 6 | AP7: 2.94 | AQ7: 36 | AR7: 5 | AS7: 1.85 | AT7: 36 | AU7: 5 | AV7: 2.06 | AW7: 36 | AX7: 6 | AY7: 2.8 | AZ7: 34 | BA7: 6 | BB7: 3.3
A8: Angola | B8: AGO | C8: SSA | D8: 32 | E8: 120 | F8: 8 | G8: 2.526907 | H8: 32 | I8: 121 | J8: 8 | K8: 2.804178 | L8: 33 | M8: 121 | N8: 7 | O8: 2.813869 | P8: 33 | Q8: 116 | R8: 7 | S8: 2.807703 | T8: 29 | U8: 136 | V8: 7 | W8: 1.526104 | X8: 27 | Y8: 142 | Z8: 7 | AA8: 2.011135 | AB8: 26 | AC8: 146 | AD8: 7 | AE8: 1.821627 | AF8: 19 | AG8: 165 | AH8: 6 | AI8: 1.31 | AJ8: 19 | AK8: 167 | AL8: 5 | AM8: 1.28 | AN8: 18 | AO8: 4 | AP8: 1.68 | AQ8: 15 | AR8: 5 | AS8: 1.8 | AT8: 19 | AU8: 6 | AV8: 1.71 | AW8: 23 | AX8: 7 | AY8: 2.8 | AZ8: 22 | BA8: 7 | BB8: 1.8
A9: Argentina | B9: ARG | C9: AME | D9: 36 | E9: 104 | F9: 8 | G9: 2.175089 | H9: 37 | I9: 99 | J9: 8 | K9: 3.013744 | L9: 37 | M9: 98 | N9: 8 | O9: 2.046685 | P9: 38 | Q9: 94 | R9: 7 | S9: 2.334808 | T9: 38 | U9: 96 | V9: 8 | W9: 2.099133 | X9: 42 | Y9: 78 | Z9: 8 | AA9: 2.318056 | AB9: 45 | AC9: 66 | AD9: 8 | AE9: 3.288657 | AF9: 40 | AG9: 85 | AH9: 8 | AI9: 2.7 | AJ9: 39 | AK9: 85 | AL9: 8 | AM9: 2.92 | AN9: 36 | AO9: 8 | AP9: 1.76 | AQ9: 32 | AR9: 7 | AS9: 1.84 | AT9: 34 | AU9: 7 | AV9: 2.42 | AW9: 34 | AX9: 8 | AY9: 2.4 | AZ9: 35 | BA9: 8 | BB9: 2.6
A10: Armenia | B10: ARM | C10: ECA | D10: 46 | E10: 65 | F10: 6 | G10: 2.304935 | H10: 47 | I10: 63 | J10: 6 | K10: 2.504353 | L10: 47 | M10: 62 | N10: 6 | O10: 2.543364 | P10: 46 | Q10: 63 | R10: 6 | S10: 2.467806 | T10: 49 | U10: 58 | V10: 6 | W10: 3.764584 | X10: 49 | Y10: 60 | Z10: 6 | AA10: 3.504781 | AB10: 42 | AC10: 77 | AD10: 6 | AE10: 4.310598 | AF10: 35 | AG10: 105 | AH10: 6 | AI10: 4 | AJ10: 35 | AK10: 107 | AL10: 6 | AM10: 3.79 | AN10: 33 | AO10: 6 | AP10: 4.01 | AQ10: 35 | AR10: 5 | AS10: 2.98 | AT10: 37 | AU10: 6 | AV10: 3.69 | AW10: 36 | AX10: 6 | AY10: 3.5 | AZ10: 34 | BA10: 6 | BB10: 2.7
A11: Australia | B11: AUS | C11: AP | D11: 76 | E11: 12 | F11: 9 | G11: 1.429308 | H11: 77 | I11: 10 | J11: 9 | K11: 1.671944 | L11: 75 | M11: 14 | N11: 9 | O11: 1.523523 | P11: 75 | Q11: 13 | R11: 9 | S11: 0.7788845 | T11: 73 | U11: 18 | V11: 9 | W11: 1.626727 | X11: 77 | Y11: 11 | Z11: 9 | AA11: 1.046566 | AB11: 77 | AC11: 12 | AD11: 9 | AE11: 1.317929 | AF11: 77 | AG11: 13 | AH11: 9 | AI11: 1.27 | AJ11: 77 | AK11: 13 | AL11: 9 | AM11: 1.4 | AN11: 79 | AO11: 8 | AP11: 1.27 | AQ11: 79 | AR11: 8 | AS11: 1.5 | AT11: 80 | AU11: 8 | AV11: 1.31 | AW11: 81 | AX11: 8 | AY11: 1.5 | AZ11: 85 | BA11: 8 | BB11: 1.1
A12: Denmark | B12: DNK | C12: WE/EU | D12: 89 | E12: 1 | F12: 8 | G12: 1.882284 | H12: 90 | I12: 1 | J12: 8 | K12: 1.982749 | L12: 90 | M12: 1 | N12: 8 | O12: 1.819265 | P12: 90 | Q12: 1 | R12: 8 | S12: 1.709309 | T12: 88 | U12: 1 | V12: 8 | W12: 1.850507 | X12: 88 | Y12: 1 | Z12: 8 | AA12: 1.775809 | AB12: 87 | AC12: 1 | AD12: 8 | AE12: 2.542474 | AF12: 88 | AG12: 1 | AH12: 8 | AI12: 2.63 | AJ12: 88 | AK12: 2 | AL12: 8 | AM12: 2.75 | AN12: 90 | AO12: 7 | AP12: 2.46 | AQ12: 91 | AR12: 7 | AS12: 2.16 | AT12: 92 | AU12: 7 | AV12: 2.04 | AW12: 91 | AX12: 7 | AY12: 2.2 | AZ12: 90 | BA12: 7 | BB12: 2
A13: Azerbaijan | B13: AZE | C13: ECA | D13: 30 | E13: 130 | F13: 7 | G13: 6.55301 | H13: 22 | I13: 154 | J13: 6 | K13: 2.376703 | L13: 23 | M13: 154 | N13: 6 | O13: 2.462465 | P13: 23 | Q13: 157 | R13: 6 | S13: 2.397118 | T13: 30 | U13: 128 | V13: 7 | W13: 5.524198 | X13: 30 | Y13: 129 | Z13: 7 | AA13: 5.000017 | AB13: 30 | AC13: 126 | AD13: 7 | AE13: 7.161777 | AF13: 25 | AG13: 152 | AH13: 6 | AI13: 4.09 | AJ13: 31 | AK13: 122 | AL13: 7 | AM13: 5.64 | AN13: 30 | AO13: 7 | AP13: 5.13 | AQ13: 29 | AR13: 6 | AS13: 3.25 | AT13: 29 | AU13: 6 | AV13: 3.02 | AW13: 28 | AX13: 6 | AY13: 3.5 | AZ13: 27 | BA13: 6 | BB13: 2.5
A14: Bahamas | B14: BHS | C14: AME | D14: 64 | E14: 29 | F14: 3 | G14: 6.560889 | H14: 65 | I14: 28 | J14: 3 | K14: 6.237338 | L14: 64 | M14: 30 | N14: 3 | O14: 5.47035 | P14: 64 | Q14: 30 | R14: 3 | S14: 5.318037 | T14: 64 | U14: 30 | V14: 3 | W14: 5.631818 | X14: 63 | Y14: 30 | Z14: 3 | AA14: 5.801677 | AB14: 64 | AC14: 29 | AD14: 3 | AE14: 5.825616 | AF14: 65 | AG14: 29 | AH14: 3 | AI14: 5.39 | AJ14: 65 | AK14: 28 | AL14: 3 | AM14: 5.39 | AN14: 66 | AO14: 3 | AP14: 5.2 | AT14: 71 | AU14: 3 | AV14: 0.99 | AW14: 71 | AX14: 3 | AY14: 1 | AZ14: 71 | BA14: 3 | BB14: 1
A15: Bahrain | B15: BHR | C15: MENA | D15: 50 | E15: 56 | F15: 7 | G15: 6.219367 | H15: 53 | I15: 53 | J15: 7 | K15: 6.443612 | L15: 42 | M15: 76 | N15: 6 | O15: 5.329254 | P15: 44 | Q15: 69 | R15: 6 | S15: 6.186327 | T15: 42 | U15: 78 | V15: 6 | W15: 5.19534 | X15: 42 | Y15: 78 | Z15: 6 | AA15: 5.914723 | AB15: 42 | AC15: 77 | AD15: 6 | AE15: 7.645793 | AF15: 36 | AG15: 99 | AH15: 4 | AI15: 1.81 | AJ15: 36 | AK15: 103 | AL15: 4 | AM15: 1.81 | AN15: 43 | AO15: 5 | AP15: 5.96 | AQ15: 51 | AR15: 5 | AS15: 7.86 | AT15: 49 | AU15: 5 | AV15: 6.11 | AW15: 48 | AX15: 5 | AY15: 5.4 | AZ15: 51 | BA15: 5 | BB15: 4.1
A16: Bangladesh | B16: BGD | C16: AP | D16: 24 | E16: 150 | F16: 8 | G16: 1.503636 | H16: 23 | I16: 151 | J16: 8 | K16: 1.464238 | L16: 24 | M16: 149 | N16: 8 | O16: 1.511192 | P16: 25 | Q16: 147 | R16: 8 | S16: 1.927162 | T16: 26 | U16: 147 | V16: 8 | W16: 1.742484 | X16: 26 | Y16: 146 | Z16: 8 | AA16: 1.715685 | AB16: 26 | AC16: 146 | AD16: 8 | AE16: 2.617282 | AF16: 26 | AG16: 149 | AH16: 8 | AI16: 2.63 | AJ16: 28 | AK16: 143 | AL16: 8 | AM16: 3.19 | AN16: 26 | AO16: 7 | AP16: 4.13 | AQ16: 25 | AR16: 7 | AS16: 4.3 | AT16: 25 | AU16: 7 | AV16: 4.23 | AW16: 27 | AX16: 7 | AY16: 4.1 | AZ16: 26 | BA16: 7 | BB16: 4.1
A17: Barbados | B17: BRB | C17: AME | D17: 68 | E17: 24 | F17: 3 | G17: 3.120304 | H17: 68 | I17: 23 | J17: 3 | K17: 3.118658 | L17: 69 | M17: 24 | N17: 3 | O17: 3.366726 | P17: 65 | Q17: 29 | R17: 4 | S17: 3.281295 | T17: 65 | U17: 29 | V17: 4 | W17: 3.065789 | X17: 64 | Y17: 29 | Z17: 4 | AA17: 5.471437 | AB17: 62 | AC17: 30 | AD17: 4 | AE17: 6.05961 | AF17: 68 | AG17: 25 | AH17: 3 | AI17: 3.12 | AJ17: 68 | AK17: 25 | AL17: 3 | AM17: 3.24 | AN17: 61 | AO17: 3 | AP17: 6.91 | AT17: 74 | AU17: 3 | AV17: 8.09 | AW17: 75 | AX17: 3 | AY17: 7.1 | AZ17: 76 | BA17: 3 | BB17: 6.7
A18: Belarus | B18: BLR | C18: ECA | D18: 31 | E18: 124 | F18: 7 | G18: 3.491905 | H18: 33 | I18: 114 | J18: 7 | K18: 3.178518 | L18: 37 | M18: 98 | N18: 7 | O18: 3.337556 | P18: 39 | Q18: 91 | R18: 7 | S18: 3.135647 | T18: 41 | U18: 82 | V18: 8 | W18: 2.345835 | X18: 47 | Y18: 63 | Z18: 7 | AA18: 3.376054 | AB18: 45 | AC18: 66 | AD18: 7 | AE18: 4.20046 | AF18: 44 | AG18: 70 | AH18: 7 | AI18: 3.92 | AJ18: 44 | AK18: 68 | AL18: 7 | AM18: 4.12 | AN18: 40 | AO18: 7 | AP18: 3.93 | AQ18: 32 | AR18: 6 | AS18: 4.37 | AT18: 31 | AU18: 5 | AV18: 4.04 | AW18: 29 | AX18: 5 | AY18: 4 | AZ18: 31 | BA18: 5 | BB18: 3.6
A19: Finland | B19: FIN | C19: WE/EU | D19: 88 | E19: 2 | F19: 8 | G19: 1.806286 | H19: 88 | I19: 2 | J19: 8 | K19: 1.829536 | L19: 87 | M19: 2 | N19: 8 | O19: 1.057962 | P19: 87 | Q19: 2 | R19: 8 | S19: 1.193896 | T19: 88 | U19: 1 | V19: 8 | W19: 1.24828 | X19: 85 | Y19: 3 | Z19: 8 | AA19: 1.748594 | AB19: 86 | AC19: 3 | AD19: 8 | AE19: 2.924511 | AF19: 85 | AG19: 3 | AH19: 8 | AI19: 2.74 | AJ19: 85 | AK19: 3 | AL19: 8 | AM19: 2.84 | AN19: 89 | AO19: 7 | AP19: 1.46 | AQ19: 90 | AR19: 7 | AS19: 1.77 | AT19: 89 | AU19: 7 | AV19: 2.05 | AW19: 89 | AX19: 7 | AY19: 1.7 | AZ19: 90 | BA19: 7 | BB19: 3
A20: Benin | B20: BEN | C20: SSA | D20: 45 | E20: 70 | F20: 6 | G20: 3.401294 | H20: 45 | I20: 69 | J20: 6 | K20: 3.395473 | L20: 43 | M20: 70 | N20: 6 | O20: 3.131058 | P20: 43 | Q20: 72 | R20: 7 | S20: 2.416439 | T20: 42 | U20: 78 | V20: 7 | W20: 2.348642 | X20: 41 | Y20: 83 | Z20: 7 | AA20: 1.797036 | AB20: 41 | AC20: 80 | AD20: 7 | AE20: 2.639245 | AF20: 40 | AG20: 85 | AH20: 6 | AI20: 3.14 | AJ20: 39 | AK20: 85 | AL20: 6 | AM20: 4.17 | AN20: 36 | AO20: 6 | AP20: 3.8 | AQ20: 37 | AR20: 5 | AS20: 4.43 | AT20: 39 | AU20: 4 | AV20: 4.38 | AW20: 36 | AX20: 6 | AY20: 3.4 | AZ20: 36 | BA20: 6 | BB20: 4.3
A21: Belize | B21: BLZ | C21: AME | D21: 36 | E21: 104 | F21: 3 | G21: 1.916648
A22: Bhutan | B22: BTN | C22: AP | D22: 71 | E22: 18 | F22: 4 | G22: 2.063194 | H22: 72 | I22: 18 | J22: 4 | K22: 1.641677 | L22: 68 | M22: 26 | N22: 4 | O22: 2.179297 | P22: 68 | Q22: 25 | R22: 4 | S22: 2.179297 | T22: 68 | U22: 25 | V22: 4 | W22: 2.239852 | X22: 68 | Y22: 24 | Z22: 4 | AA22: 2.387326 | AB22: 68 | AC22: 25 | AD22: 4 | AE22: 2.756646 | AF22: 68 | AG22: 25 | AH22: 4 | AI22: 2.86 | AJ22: 67 | AK22: 26 | AL22: 5 | AM22: 1.83 | AN22: 65 | AO22: 5 | AP22: 2.12 | AQ22: 65 | AR22: 4 | AS22: 2.14 | AT22: 65 | AU22: 4 | AV22: 1.81 | AW22: 63 | AX22: 4 | AY22: 2.6 | AZ22: 63 | BA22: 3 | BB22: 3.6
A23: Bolivia | B23: BOL | C23: AME | D23: 28 | E23: 136 | F23: 7 | G23: 2.99711 | H23: 28 | I23: 133 | J23: 7 | K23: 3.101006 | L23: 29 | M23: 133 | N23: 7 | O23: 2.310445 | P23: 31 | Q23: 126 | R23: 6 | S23: 2.41325 | T23: 30 | U23: 128 | V23: 7 | W23: 1.684876 | X23: 31 | Y23: 124 | Z23: 7 | AA23: 2.048029 | AB23: 31 | AC23: 123 | AD23: 7 | AE23: 2.996561 | AF23: 29 | AG23: 132 | AH23: 7 | AI23: 3.6 | AJ23: 33 | AK23: 112 | AL23: 6 | AM23: 2.98 | AN23: 33 | AO23: 8 | AP23: 2.85 | AQ23: 34 | AR23: 7 | AS23: 3.58 | AT23: 35 | AU23: 7 | AV23: 2.98 | AW23: 34 | AX23: 7 | AY23: 3.7 | AZ23: 34 | BA23: 7 | BB23: 3.7
A24: Bosnia and Herzegovina | B24: BIH | C24: ECA | D24: 34 | E24: 109 | F24: 7 | G24: 2.601689 | H24: 33 | I24: 114 | J24: 7 | K24: 2.043418 | L24: 35 | M24: 108 | N24: 6 | O24: 1.953783 | P24: 34 | Q24: 110 | R24: 7 | S24: 2.184636 | T24: 35 | U24: 110 | V24: 7 | W24: 1.801027 | X24: 35 | Y24: 111 | Z24: 7 | AA24: 1.867208 | AB24: 36 | AC24: 101 | AD24: 7 | AE24: 1.952692 | AF24: 38 | AG24: 89 | AH24: 7 | AI24: 1.86 | AJ24: 38 | AK24: 91 | AL24: 7 | AM24: 2.56 | AN24: 39 | AO24: 7 | AP24: 1.7 | AQ24: 38 | AR24: 6 | AS24: 1.71 | AT24: 39 | AU24: 6 | AV24: 1.15 | AW24: 42 | AX24: 7 | AY24: 2.9 | AZ24: 42 | BA24: 7 | BB24: 2.3
A25: Botswana | B25: BWA | C25: SSA | D25: 58 | E25: 41 | F25: 9 | G25: 1.993262 | H25: 57 | I25: 43 | J25: 9 | K25: 2.406198 | L25: 59 | M25: 39 | N25: 7 | O25: 3.042194 | P25: 60 | Q25: 35 | R25: 8 | S25: 2.630613 | T25: 55 | U25: 45 | V25: 8 | W25: 3.191742 | X25: 60 | Y25: 35 | Z25: 7 | AA25: 2.876193 | AB25: 61 | AC25: 34 | AD25: 7 | AE25: 3.731927 | AF25: 61 | AG25: 34 | AH25: 7 | AI25: 2.76 | AJ25: 61 | AK25: 34 | AL25: 7 | AM25: 2.74 | AN25: 60 | AO25: 6 | AP25: 3.1 | AQ25: 63 | AR25: 6 | AS25: 2.35 | AT25: 63 | AU25: 6 | AV25: 1.93 | AW25: 64 | AX25: 7 | AY25: 1.6 | AZ25: 65 | BA25: 7 | BB25: 1.9
A26: Brazil | B26: BRA | C26: AME | D26: 35 | E26: 107 | F26: 8 | G26: 2.75855 | H26: 34 | I26: 107 | J26: 8 | K26: 2.413868 | L26: 36 | M26: 104 | N26: 8 | O26: 1.466162 | P26: 38 | Q26: 94 | R26: 8 | S26: 1.576192 | T26: 38 | U26: 96 | V26: 8 | W26: 1.613992 | X26: 38 | Y26: 94 | Z26: 8 | AA26: 2.499375 | AB26: 35 | AC26: 106 | AD26: 8 | AE26: 4.060288 | AF26: 35 | AG26: 105 | AH26: 8 | AI26: 4.05 | AJ26: 37 | AK26: 96 | AL26: 8 | AM26: 4.24 | AN26: 40 | AO26: 8 | AP26: 4.34 | AQ26: 38 | AR26: 7 | AS26: 5.29 | AT26: 43 | AU26: 7 | AV26: 4.01 | AW26: 42 | AX26: 8 | AY26: 3.7 | AZ26: 43 | BA26: 8 | BB26: 3.3
A27: Brunei Darussalam | B27: BRN | C27: AP | D27: 63 | E27: 31 | F27: 3 | G27: 5.629506 | X27: 60 | Y27: 35 | Z27: 3 | AA27: 5.585083 | AB27: 60 | AC27: 35 | AD27: 3 | AE27: 6.118152 | AF27: 63 | AG27: 31 | AH27: 3 | AI27: 6.62 | AJ27: 62 | AK27: 32 | AL27: 3 | AM27: 8.72 | AN27: 58 | AO27: 3 | AP27: 8.85 | AW27: 60 | AX27: 3 | AY27: 10.4 | AZ27: 55 | BA27: 3 | BB27: 9.1
A28: Luxembourg | B28: LUX | C28: WE/EU | D28: 78 | E28: 8 | F28: 7 | G28: 2.192617 | H28: 81 | I28: 5 | J28: 7 | K28: 2.000107 | L28: 78 | M28: 9 | N28: 8 | O28: 1.060454 | P28: 77 | Q28: 10 | R28: 8 | S28: 1.083765 | T28: 81 | U28: 9 | V28: 8 | W28: 0.9624774 | X28: 80 | Y28: 9 | Z28: 7 | AA28: 1.503167 | AB28: 80 | AC28: 9 | AD28: 7 | AE28: 1.954564 | AF28: 81 | AG28: 9 | AH28: 7 | AI28: 2.32 | AJ28: 82 | AK28: 8 | AL28: 6 | AM28: 2.08 | AN28: 81 | AO28: 6 | AP28: 1.96 | AQ28: 85 | AR28: 5 | AS28: 1.6 | AT28: 82 | AU28: 6 | AV28: 2.78 | AW28: 80 | AX28: 6 | AY28: 2.9 | AZ28: 80 | BA28: 6 | BB28: 2.8
A29: Burkina Faso | B29: BFA | C29: SSA | D29: 40 | E29: 84 | F29: 7 | G29: 2.493685 | H29: 41 | I29: 82 | J29: 7 | K29: 2.299357 | L29: 41 | M29: 83 | N29: 7 | O29: 1.782614 | P29: 42 | Q29: 77 | R29: 7 | S29: 1.367199 | T29: 42 | U29: 78 | V29: 7 | W29: 1.367199 | X29: 40 | Y29: 86 | Z29: 8 | AA29: 1.622322 | AB29: 40 | AC29: 85 | AD29: 8 | AE29: 2.542852 | AF29: 41 | AG29: 78 | AH29: 8 | AI29: 1.81 | AJ29: 42 | AK29: 74 | AL29: 7 | AM29: 2.18 | AN29: 42 | AO29: 7 | AP29: 2.47 | AQ29: 38 | AR29: 7 | AS29: 2.97 | AT29: 38 | AU29: 7 | AV29: 2.67 | AW29: 38 | AX29: 7 | AY29: 3.9 | AZ29: 38 | BA29: 7 | BB29: 4.4
A30: Burundi | B30: BDI | C30: SSA | D30: 17 | E30: 167 | F30: 5 | G30: 3.391948 | H30: 17 | I30: 165 | J30: 5 | K30: 3.365426 | L30: 20 | M30: 162 | N30: 5 | O30: 1.796819 | P30: 17 | Q30: 171 | R30: 5 | S30: 2.325597 | T30: 19 | U30: 169 | V30: 6 | W30: 3.268247 | X30: 19 | Y30: 165 | Z30: 6 | AA30: 3.737859 | AB30: 19 | AC30: 165 | AD30: 6 | AE30: 4.894006 | AF30: 17 | AG30: 170 | AH30: 5 | AI30: 2.65 | AJ30: 22 | AK30: 157 | AL30: 6 | AM30: 3.29 | AN30: 20 | AO30: 6 | AP30: 1.53 | AQ30: 21 | AR30: 5 | AS30: 2.94 | AT30: 20 | AU30: 5 | AV30: 3.65 | AW30: 21 | AX30: 5 | AY30: 2.6 | AZ30: 19 | BA30: 5 | BB30: 2.8
A31: Cabo Verde | B31: CPV | C31: SSA | D31: 62 | E31: 35 | F31: 5 | G31: 4.233232 | H31: 62 | I31: 35 | J31: 5 | K31: 3.855352 | L31: 64 | M31: 30 | N31: 3 | O31: 3.048059 | P31: 60 | Q31: 35 | R31: 4 | S31: 4.811593 | T31: 58 | U31: 39 | V31: 4 | W31: 2.965474 | X31: 58 | Y31: 41 | Z31: 4 | AA31: 3.722509 | AB31: 58 | AC31: 41 | AD31: 4 | AE31: 4.298384 | AF31: 57 | AG31: 45 | AH31: 4 | AI31: 4.22 | AJ31: 55 | AK31: 48 | AL31: 4 | AM31: 4.19 | AN31: 59 | AO31: 3 | AP31: 5.72 | AQ31: 55 | AR31: 4 | AS31: 6.16 | AT31: 57 | AU31: 4 | AV31: 5.94 | AW31: 58 | AX31: 4 | AY31: 4.8 | AZ31: 60 | BA31: 4 | BB31: 3.8
A32: Cambodia | B32: KHM | C32: AP | D32: 20 | E32: 163 | F32: 7 | G32: 3.044885 | H32: 21 | I32: 158 | J32: 7 | K32: 2.863744 | L32: 22 | M32: 158 | N32: 7 | O32: 2.904808 | P32: 24 | Q32: 150 | R32: 8 | S32: 2.782431 | T32: 23 | U32: 157 | V32: 8 | W32: 2.842698 | X32: 21 | Y32: 160 | Z32: 8 | AA32: 2.322713 | AB32: 20 | AC32: 162 | AD32: 8 | AE32: 3.409514 | AF32: 20 | AG32: 161 | AH32: 8 | AI32: 2.58 | AJ32: 21 | AK32: 161 | AL32: 8 | AM32: 2.43 | AN32: 21 | AO32: 8 | AP32: 2.82 | AQ32: 21 | AR32: 7 | AS32: 3.87 | AT32: 21 | AU32: 7 | AV32: 2.25 | AW32: 20 | AX32: 7 | AY32: 3 | AZ32: 22 | BA32: 7 | BB32: 3.1
A33: Cameroon | B33: CMR | C33: SSA | D33: 26 | E33: 142 | F33: 9 | G33: 1.694514 | H33: 26 | I33: 140 | J33: 9 | K33: 1.759728 | L33: 27 | M33: 140 | N33: 9 | O33: 1.652038 | P33: 26 | Q33: 142 | R33: 9 | S33: 1.370248 | T33: 27 | U33: 144 | V33: 9 | W33: 1.366871 | X33: 25 | Y33: 149 | Z33: 9 | AA33: 1.364944 | AB33: 25 | AC33: 153 | AD33: 9 | AE33: 2.424488 | AF33: 25 | AG33: 152 | AH33: 9 | AI33: 2.43 | AJ33: 25 | AK33: 153 | AL33: 9 | AM33: 2.58 | AN33: 26 | AO33: 9 | AP33: 3.04 | AQ33: 27 | AR33: 8 | AS33: 3.26 | AT33: 27 | AU33: 8 | AV33: 2.87 | AW33: 25 | AX33: 8 | AY33: 2.9 | AZ33: 26 | BA33: 8 | BB33: 3.5
A34: Canada | B34: CAN | C34: AME | D34: 75 | E34: 16 | F34: 8 | G34: 1.959374 | H34: 75 | I34: 15 | J34: 8 | K34: 1.950074 | L34: 76 | M34: 12 | N34: 8 | O34: 1.725637 | P34: 74 | Q34: 14 | R34: 8 | S34: 2.123417 | T34: 74 | U34: 13 | V34: 8 | W34: 2.299962 | X34: 77 | Y34: 11 | Z34: 8 | AA34: 1.771133 | AB34: 77 | AC34: 12 | AD34: 8 | AE34: 2.796791 | AF34: 81 | AG34: 9 | AH34: 8 | AI34: 2.16 | AJ34: 82 | AK34: 8 | AL34: 8 | AM34: 1.49 | AN34: 82 | AO34: 7 | AP34: 2.03 | AQ34: 83 | AR34: 7 | AS34: 1.63 | AT34: 81 | AU34: 7 | AV34: 2.45 | AW34: 81 | AX34: 7 | AY34: 2.4 | AZ34: 84 | BA34: 7 | BB34: 2.2
A35: Central African Republic | B35: CAF | C35: SSA | D35: 24 | E35: 150 | F35: 5 | G35: 2.094887 | H35: 24 | I35: 149 | J35: 5 | K35: 1.565208 | L35: 24 | M35: 149 | N35: 5 | O35: 0.9885881 | P35: 24 | Q35: 150 | R35: 5 | S35: 0.8079345 | T35: 24 | U35: 154 | V35: 5 | W35: 0.9885881 | X35: 26 | Y35: 146 | Z35: 5 | AA35: 0.9326452 | AB35: 25 | AC35: 153 | AD35: 5 | AE35: 1.428002 | AF35: 26 | AG35: 149 | AH35: 5 | AI35: 1.14 | AJ35: 23 | AK35: 156 | AL35: 5 | AM35: 3.28 | AN35: 20 | AO35: 4 | AP35: 4.04 | AQ35: 24 | AR35: 4 | AS35: 1.44 | AT35: 24 | AU35: 4 | AV35: 1.33 | AW35: 25 | AX35: 4 | AY35: 5.4 | AZ35: 26 | BA35: 4 | BB35: 2.4
A36: Chad | B36: TCD | C36: SSA | D36: 22 | E36: 157 | F36: 6 | G36: 3.6321 | H36: 21 | I36: 158 | J36: 6 | K36: 3.012614 | L36: 20 | M36: 162 | N36: 6 | O36: 2.155059 | P36: 19 | Q36: 167 | R36: 6 | S36: 1.513127 | T36: 20 | U36: 164 | V36: 6 | W36: 1.885957 | X36: 21 | Y36: 160 | Z36: 6 | AA36: 1.710202 | AB36: 20 | AC36: 162 | AD36: 6 | AE36: 2.451336 | AF36: 19 | AG36: 165 | AH36: 6 | AI36: 2.94 | AJ36: 20 | AK36: 165 | AL36: 6 | AM36: 2.73 | AN36: 20 | AO36: 5 | AP36: 2.67 | AQ36: 22 | AR36: 5 | AS36: 2.35 | AT36: 22 | AU36: 5 | AV36: 2.95 | AW36: 19 | AX36: 5 | AY36: 3.8 | AZ36: 19 | BA36: 5 | BB36: 2.5
A37: Chile | B37: CHL | C37: AME | D37: 63 | E37: 31 | F37: 8 | G37: 2.333968 | H37: 63 | I37: 32 | J37: 8 | K37: 2.296134 | L37: 66 | M37: 29 | N37: 9 | O37: 1.540951 | P37: 67 | Q37: 27 | R37: 9 | S37: 1.34103 | T37: 67 | U37: 27 | V37: 9 | W37: 1.32958 | X37: 67 | Y37: 25 | Z37: 9 | AA37: 1.225991 | AB37: 67 | AC37: 26 | AD37: 9 | AE37: 2.552611 | AF37: 67 | AG37: 27 | AH37: 9 | AI37: 1.88 | AJ37: 67 | AK37: 26 | AL37: 9 | AM37: 2.03 | AN37: 66 | AO37: 8 | AP37: 2.65 | AQ37: 70 | AR37: 8 | AS37: 2.15 | AT37: 73 | AU37: 8 | AV37: 1.74 | AW37: 71 | AX37: 9 | AY37: 1.8 | AZ37: 72 | BA37: 9 | BB37: 2.1
A38: China | B38: CHN | C38: AP | D38: 43 | E38: 76 | F38: 8 | G38: 1.302773 | H38: 43 | I38: 76 | J38: 8 | K38: 1.635139 | L38: 42 | M38: 76 | N38: 8 | O38: 1.644832 | P38: 45 | Q38: 65 | R38: 9 | S38: 1.811471 | T38: 45 | U38: 66 | V38: 9 | W38: 1.768843 | X38: 42 | Y38: 78 | Z38: 8 | AA38: 1.630193 | AB38: 41 | AC38: 80 | AD38: 8 | AE38: 2.100923 | AF38: 39 | AG38: 87 | AH38: 8 | AI38: 2.02 | AJ38: 41 | AK38: 77 | AL38: 9 | AM38: 1.96 | AN38: 40 | AO38: 8 | AP38: 2.39 | AQ38: 37 | AR38: 8 | AS38: 2.34 | AT38: 36 | AU38: 8 | AV38: 2.17 | AW38: 40 | AX38: 9 | AY38: 2.9 | AZ38: 39 | BA38: 9 | BB38: 2.9
A39: Colombia | B39: COL | C39: AME | D39: 37 | E39: 99 | F39: 8 | G39: 2.224609 | H39: 39 | I39: 92 | J39: 8 | K39: 2.589917 | L39: 40 | M39: 87 | N39: 8 | O39: 1.423581 | P39: 39 | Q39: 91 | R39: 8 | S39: 1.379437 | T39: 39 | U39: 87 | V39: 8 | W39: 1.454743 | X39: 39 | Y39: 92 | Z39: 8 | AA39: 1.588306 | AB39: 37 | AC39: 96 | AD39: 8 | AE39: 2.493945 | AF39: 36 | AG39: 99 | AH39: 8 | AI39: 2.51 | AJ39: 37 | AK39: 96 | AL39: 8 | AM39: 2.77 | AN39: 37 | AO39: 8 | AP39: 2.27 | AQ39: 37 | AR39: 7 | AS39: 1.94 | AT39: 37 | AU39: 7 | AV39: 1.68 | AW39: 36 | AX39: 7 | AY39: 2 | AZ39: 36 | BA39: 7 | BB39: 2.6
... A50: Djibouti | B50: DJI | C50: SSA | D50: 31 | E50: 124 | F50: 5 | G50: 1.951494 | H50: 31 | I50: 127 | J50: 5 | K50: 1.978427 | L50: 30 | M50: 130 | N50: 5 | O50: 1.711382 | P50: 30 | Q50: 130 | R50: 5 | S50: 1.737748 | T50: 30 | U50: 128 | V50: 5 | W50: 1.680318 | X50: 27 | Y50: 142 | Z50: 5 | AA50: 1.529401 | AB50: 30 | AC50: 126 | AD50: 5 | AE50: 4.276603 | AF50: 31 | AG50: 124 | AH50: 4 | AI50: 5.38 | AJ50: 31 | AK50: 122 | AL50: 4 | AM50: 5.32 | AN50: 30 | AO50: 3 | AP50: 8.23 | AQ50: 34 | AR50: 3 | AS50: 9.07 | AT50: 34 | AU50: 3 | AV50: 9.1 | AW50: 36 | AX50: 3 | AY50: 8.6 | AZ50: 36 | BA50: 3 | BB50: 8.6
A51: Dominica | B51: DMA | C51: AME | D51: 60 | E51: 37 | F51: 3 | G51: 1.746044 | H51: 60 | I51: 36 | J51: 3 | K51: 1.738621 | L51: 56 | M51: 42 | N51: 3 | O51: 1.914757 | P51: 55 | Q51: 45 | R51: 3 | S51: 1.896461 | T51: 55 | U51: 45 | V51: 3 | W51: 1.976205 | X51: 55 | Y51: 48 | Z51: 3 | AA51: 1.976205 | AB51: 55 | AC51: 48 | AD51: 3 | AE51: 2.164824 | AF51: 57 | AG51: 45 | AH51: 3 | AI51: 2.55 | AJ51: 57 | AK51: 42 | AL51: 3 | AM51: 2.55 | AN51: 59 | AO51: 3 | AP51: 0.85 | AT51: 58 | AU51: 3 | AV51: 2.34 | AW51: 58 | AX51: 3 | AY51: 2.3 | AZ51: 58 | BA51: 3 | BB51: 2.3
A52: Dominican Republic | B52: DOM | C52: AME | D52: 37 | E52: 99 | F52: 7 | G52: 2.93186 | H52: 36 | I52: 104 | J52: 7 | K52: 2.332524 | L52: 35 | M52: 108 | N52: 7 | O52: 1.621773 | P52: 32 | Q52: 123 | R52: 7 | S52: 1.305089 | T52: 30 | U52: 128 | V52: 7 | W52: 1.157533 | X52: 28 | Y52: 137 | Z52: 7 | AA52: 1.913811 | AB52: 28 | AC52: 137 | AD52: 7 | AE52: 2.699341 | AF52: 30 | AG52: 129 | AH52: 7 | AI52: 2.57 | AJ52: 29 | AK52: 135 | AL52: 7 | AM52: 2.56 | AN52: 31 | AO52: 6 | AP52: 1.89 | AQ52: 33 | AR52: 6 | AS52: 2.63 | AT52: 32 | AU52: 6 | AV52: 3.3 | AW52: 29 | AX52: 6 | AY52: 3.5 | AZ52: 32 | BA52: 6 | BB52: 2.7
A53: Ecuador | B53: ECU | C53: AME | D53: 33 | E53: 116 | F53: 7 | G53: 1.867413 | H53: 32 | I53: 121 | J53: 7 | K53: 2.339157 | L53: 34 | M53: 115 | N53: 7 | O53: 1.475489 | P53: 36 | Q53: 101 | R53: 7 | S53: 1.071171 | T53: 36 | U53: 105 | V53: 7 | W53: 1.576255 | X53: 39 | Y53: 92 | Z53: 7 | AA53: 1.732201 | AB53: 38 | AC53: 93 | AD53: 7 | AE53: 2.19252 | AF53: 34 | AG53: 114 | AH53: 7 | AI53: 3.46 | AJ53: 32 | AK53: 117 | AL53: 7 | AM53: 2.66 | AN53: 31 | AO53: 6 | AP53: 1.96 | AQ53: 32 | AR53: 6 | AS53: 2.86 | AT53: 33 | AU53: 5 | AV53: 3.56 | AW53: 35 | AX53: 6 | AY53: 3.6 | AZ53: 32 | BA53: 6 | BB53: 2.9
A54: Egypt | B54: EGY | C54: MENA | D54: 30 | E54: 130 | F54: 8 | G54: 3.268012 | H54: 30 | I54: 130 | J54: 8 | K54: 3.618536 | L54: 35 | M54: 108 | N54: 7 | O54: 3.745501 | P54: 30 | Q54: 130 | R54: 6 | S54: 1.780133 | T54: 33 | U54: 117 | V54: 7 | W54: 4.088 | X54: 33 | Y54: 117 | Z54: 7 | AA54: 3.681736 | AB54: 35 | AC54: 106 | AD54: 7 | AE54: 4.863433 | AF54: 35 | AG54: 105 | AH54: 7 | AI54: 4.59 | AJ54: 32 | AK54: 117 | AL54: 7 | AM54: 4.04 | AN54: 34 | AO54: 6 | AP54: 2.72 | AQ54: 36 | AR54: 6 | AS54: 2.47 | AT54: 37 | AU54: 6 | AV54: 2.91 | AW54: 32 | AX54: 7 | AY54: 3.1 | AZ54: 32 | BA54: 7 | BB54: 3.1
A55: El Salvador | B55: SLV | C55: AME | D55: 32 | E55: 120 | F55: 7 | G55: 1.476633 | H55: 30 | I55: 130 | J55: 7 | K55: 1.014181 | L55: 31 | M55: 126 | N55: 7 | O55: 1.256549 | P55: 33 | Q55: 116 | R55: 7 | S55: 1.910915 | T55: 34 | U55: 115 | V55: 7 | W55: 1.591921 | X55: 36 | Y55: 104 | Z55: 7 | AA55: 1.378282 | AB55: 34 | AC55: 113 | AD55: 7 | AE55: 2.563654 | AF55: 35 | AG55: 105 | AH55: 7 | AI55: 2.59 | AJ55: 33 | AK55: 112 | AL55: 7 | AM55: 3.25 | AN55: 36 | AO55: 7 | AP55: 2.76 | AQ55: 39 | AR55: 6 | AS55: 2.26 | AT55: 39 | AU55: 6 | AV55: 1.98 | AW55: 38 | AX55: 6 | AY55: 2 | AZ55: 38 | BA55: 6 | BB55: 2.8
A56: Equatorial Guinea | B56: GNQ | C56: SSA | D56: 15 | E56: 172 | F56: 5 | G56: 2.462231 | H56: 13 | I56: 173 | J56: 5 | K56: 2.535872 | L56: 17 | M56: 172 | N56: 4 | O56: 2.567484 | P56: 17 | Q56: 171 | R56: 4 | S56: 2.548162 | T56: 17 | U56: 172 | V56: 4 | W56: 2.548162 | X56: 16 | Y56: 174 | Z56: 4 | AA56: 2.596128 | AB56: 16 | AC56: 173 | AD56: 4 | AE56: 2.997751 | AF56: 16 | AG56: 172 | AH56: 3 | AI56: 2.82 | AJ56: 17 | AK56: 171 | AL56: 3 | AM56: 3.56 | AW56: 19 | AX56: 3 | AY56: 2.2 | AZ56: 20 | BA56: 3 | BB56: 1.3
A57: Eritrea | B57: ERI | C57: SSA | D57: 13 | E57: 177 | F57: 5 | G57: 5.352422 | H57: 13 | I57: 173 | J57: 5 | K57: 5.512898 | L57: 21 | M57: 161 | N57: 5 | O57: 4.729734 | P57: 22 | Q57: 162 | R57: 5 | S57: 4.78386 | T57: 22 | U57: 161 | V57: 5 | W57: 4.991703 | X57: 21 | Y57: 160 | Z57: 5 | AA57: 4.579689 | AB57: 23 | AC57: 160 | AD57: 5 | AE57: 6.657395 | AF57: 24 | AG57: 157 | AH57: 5 | AI57: 8.24 | AJ57: 20 | AK57: 165 | AL57: 5 | AM57: 5.74 | AN57: 18 | AO57: 5 | AP57: 6.24 | AQ57: 18 | AR57: 4 | AS57: 8.15 | AT57: 18 | AU57: 4 | AV57: 7.91 | AW57: 20 | AX57: 4 | AY57: 11 | AZ57: 25 | BA57: 4 | BB57: 9.2
A58: Iceland | B58: ISL | C58: WE/EU | D58: 77 | E58: 10 | F58: 5 | G58: 3.963409 | H58: 77 | I58: 10 | J58: 6 | K58: 2.603046 | L58: 72 | M58: 19 | N58: 7 | O58: 3.538609 | P58: 74 | Q58: 14 | R58: 7 | S58: 3.831931 | T58: 74 | U58: 13 | V58: 7 | W58: 3.704399 | X58: 75 | Y58: 17 | Z58: 7 | AA58: 3.864742 | AB58: 78 | AC58: 11 | AD58: 7 | AE58: 4.627051 | AF58: 76 | AG58: 14 | AH58: 7 | AI58: 4.33 | AJ58: 77 | AK58: 13 | AL58: 7 | AM58: 4.38 | AN58: 78 | AO58: 6 | AP58: 3.81 | AQ58: 79 | AR58: 5 | AS58: 4.53 | AT58: 79 | AU58: 6 | AV58: 3.16 | AW58: 78 | AX58: 6 | AY58: 2.8 | AZ58: 82 | BA58: 6 | BB58: 4.1
A59: Eswatini | B59: SWZ | C59: SSA | D59: 23 | E59: 153 | F59: 5 | G59: 4.655962 | H59: 27 | I59: 135 | J59: 4 | K59: 3.497027 | L59: 30 | M59: 130 | N59: 3 | O59: 5.899071 | P59: 30 | Q59: 130 | R59: 3 | S59: 5.899071 | T59: 32 | U59: 122 | V59: 3 | W59: 7.1218 | X59: 33 | Y59: 117 | Z59: 4 | AA59: 4.93164 | AB59: 34 | AC59: 113 | AD59: 4 | AE59: 6.075864 | AF59: 38 | AG59: 89 | AH59: 3 | AI59: 4.48 | AJ59: 39 | AK59: 85 | AL59: 3 | AM59: 5.81 | AT59: 43 | AU59: 3 | AV59: 2.98 | AW59: 39 | AX59: 4 | AY59: 1.8 | AZ59: 37 | BA59: 4 | BB59: 2.1
A60: Ethiopia | B60: ETH | C60: SSA | D60: 38 | E60: 96 | F60: 8 | G60: 1.362836 | H60: 37 | I60: 99 | J60: 8 | K60: 1.375359 | L60: 37 | M60: 98 | N60: 8 | O60: 1.204134 | P60: 38 | Q60: 94 | R60: 8 | S60: 1.31184 | T60: 39 | U60: 87 | V60: 8 | W60: 1.212617 | X60: 38 | Y60: 94 | Z60: 9 | AA60: 1.002015 | AB60: 37 | AC60: 96 | AD60: 9 | AE60: 1.516015 | AF60: 34 | AG60: 114 | AH60: 8 | AI60: 1.52 | AJ60: 35 | AK60: 107 | AL60: 9 | AM60: 1.36 | AN60: 34 | AO60: 9 | AP60: 1.37 | AQ60: 33 | AR60: 8 | AS60: 2.73 | AT60: 33 | AU60: 8 | AV60: 2.54 | AW60: 33 | AX60: 8 | AY60: 2.5 | AZ60: 33 | BA60: 8 | BB60: 1.6
A61: Fiji | B61: FJI | C61: AP | D61: 55 | E61: 49 | F61: 3 | G61: 2.02141 | H61: 55 | I61: 50 | J61: 3 | K61: 2.031004 | L61: 52 | M61: 53 | N61: 3 | O61: 4.154759 | P61: 53 | Q61: 49 | R61: 3 | S61: 4.318408 | T61: 55 | U61: 45 | V61: 3 | W61: 5.158524
A62: Ireland | B62: IRL | C62: WE/EU | D62: 76 | E62: 12 | F62: 8 | G62: 1.277815 | H62: 77 | I62: 10 | J62: 8 | K62: 1.546298 | L62: 77 | M62: 11 | N62: 8 | O62: 1.169134 | P62: 77 | Q62: 10 | R62: 8 | S62: 0.7929971 | T62: 74 | U62: 13 | V62: 8 | W62: 0.6804043 | X62: 72 | Y62: 20 | Z62: 7 | AA62: 2.152309 | AB62: 74 | AC62: 18 | AD62: 7 | AE62: 3.610982 | AF62: 73 | AG62: 18 | AH62: 7 | AI62: 3.25 | AJ62: 74 | AK62: 19 | AL62: 7 | AM62: 3.68 | AN62: 73 | AO62: 6 | AP62: 4.31 | AQ62: 75 | AR62: 6 | AS62: 4.92 | AT62: 74 | AU62: 6 | AV62: 4.75 | AW62: 72 | AX62: 6 | AY62: 4.2 | AZ62: 69 | BA62: 6 | BB62: 3.5
A63: Estonia | B63: EST | C63: WE/EU | D63: 76 | E63: 12 | F63: 10 | G63: 1.070026 | H63: 76 | I63: 13 | J63: 10 | K63: 1.087449 | L63: 76 | M63: 12 | N63: 10 | O63: 1.056476 | P63: 74 | Q63: 14 | R63: 10 | S63: 1.012676 | T63: 74 | U63: 13 | V63: 10 | W63: 0.9226964 | X63: 75 | Y63: 17 | Z63: 10 | AA63: 0.872954 | AB63: 74 | AC63: 18 | AD63: 10 | AE63: 1.209875 | AF63: 73 | AG63: 18 | AH63: 10 | AI63: 1.44 | AJ63: 71 | AK63: 21 | AL63: 10 | AM63: 2.21 | AN63: 70 | AO63: 10 | AP63: 2.16 | AQ63: 70 | AR63: 9 | AS63: 2.79 | AT63: 69 | AU63: 9 | AV63: 2.89 | AW63: 68 | AX63: 9 | AY63: 2.7 | AZ63: 64 | BA63: 8 | BB63: 3
A64: Gabon | B64: GAB | C64: SSA | D64: 29 | E64: 135 | F64: 8 | G64: 1.300502 | H64: 27 | I64: 135 | J64: 8 | K64: 1.381007 | L64: 28 | M64: 136 | N64: 6 | O64: 2.32452 | P64: 29 | Q64: 136 | R64: 6 | S64: 2.069705 | T64: 31 | U64: 124 | V64: 5 | W64: 2.395403 | X64: 30 | Y64: 129 | Z64: 6 | AA64: 2.348292 | AB64: 31 | AC64: 123 | AD64: 6 | AE64: 2.407603 | AF64: 31 | AG64: 124 | AH64: 4 | AI64: 3.92 | AJ64: 32 | AK64: 117 | AL64: 4 | AM64: 3.22 | AN64: 35 | AO64: 4 | AP64: 0.97 | AQ64: 34 | AR64: 4 | AS64: 1.65 | AT64: 37 | AU64: 4 | AV64: 4.19 | AW64: 34 | AX64: 5 | AY64: 1.5 | AZ64: 35 | BA64: 5 | BB64: 2.1
A65: Gambia | B65: GMB | C65: SSA | D65: 37 | E65: 99 | F65: 8 | G65: 2.503547 | H65: 38 | I65: 96 | J65: 7 | K65: 3.190805 | L65: 37 | M65: 98 | N65: 7 | O65: 3.338873 | P65: 34 | Q65: 110 | R65: 7 | S65: 3.762664 | T65: 37 | U65: 102 | V65: 8 | W65: 3.383628 | X65: 37 | Y65: 102 | Z65: 8 | AA65: 3.193978 | AB65: 37 | AC65: 96 | AD65: 7 | AE65: 5.980328 | AF65: 37 | AG65: 93 | AH65: 6 | AI65: 9.44 | AJ65: 30 | AK65: 130 | AL65: 6 | AM65: 6.22 | AN65: 26 | AO65: 5 | AP65: 7.2 | AQ65: 28 | AR65: 5 | AS65: 6.67 | AT65: 29 | AU65: 5 | AV65: 7.55 | AW65: 28 | AX65: 5 | AY65: 6.7 | AZ65: 34 | BA65: 5 | BB65: 7
A66: Georgia | B66: GEO | C66: ECA | D66: 50 | E66: 56 | F66: 6 | G66: 4.311249 | H66: 53 | I66: 53 | J66: 6 | K66: 4.056248 | L66: 53 | M66: 49 | N66: 6 | O66: 3.99419 | P66: 56 | Q66: 41 | R66: 6 | S66: 3.026622 | T66: 55 | U66: 45 | V66: 6 | W66: 2.843186 | X66: 56 | Y66: 45 | Z66: 5 | AA66: 3.149734 | AB66: 56 | AC66: 44 | AD66: 5 | AE66: 3.835593 | AF66: 58 | AG66: 41 | AH66: 6 | AI66: 3.92 | AJ66: 56 | AK66: 46 | AL66: 6 | AM66: 3.1 | AN66: 57 | AO66: 6 | AP66: 3.61 | AQ66: 52 | AR66: 5 | AS66: 6.53 | AT66: 52 | AU66: 6 | AV66: 6.47 | AW66: 49 | AX66: 6 | AY66: 6.9 | AZ66: 52 | BA66: 6 | BB66: 6
A67: Germany | B67: DEU | C67: WE/EU | D67: 77 | E67: 10 | F67: 8 | G67: 1.85484 | H67: 75 | I67: 15 | J67: 8 | K67: 1.3578 | L67: 78 | M67: 9 | N67: 8 | O67: 2.143723 | P67: 79 | Q67: 9 | R67: 8 | S67: 2.16827 | T67: 80 | U67: 10 | V67: 8 | W67: 1.763459 | X67: 80 | Y67: 9 | Z67: 8 | AA67: 1.999585 | AB67: 80 | AC67: 9 | AD67: 8 | AE67: 3.30976 | AF67: 80 | AG67: 11 | AH67: 8 | AI67: 2.49 | AJ67: 81 | AK67: 12 | AL67: 8 | AM67: 1.87 | AN67: 81 | AO67: 7 | AP67: 2.73 | AQ67: 81 | AR67: 7 | AS67: 2.5 | AT67: 79 | AU67: 7 | AV67: 2.58 | AW67: 78 | AX67: 8 | AY67: 2.4 | AZ67: 79 | BA67: 8 | BB67: 2.3
A68: Ghana | B68: GHA | C68: SSA | D68: 43 | E68: 76 | F68: 10 | G68: 1.540763 | H68: 42 | I68: 80 | J68: 10 | K68: 1.690387 | L68: 43 | M68: 70 | N68: 9 | O68: 1.46851 | P68: 43 | Q68: 72 | R68: 9 | S68: 1.431706 | T68: 43 | U68: 73 | V68: 9 | W68: 1.530811 | X68: 43 | Y68: 75 | Z68: 9 | AA68: 1.516466 | AB68: 41 | AC68: 80 | AD68: 9 | AE68: 2.756812 | AF68: 41 | AG68: 78 | AH68: 9 | AI68: 2.54 | AJ68: 40 | AK68: 81 | AL68: 9 | AM68: 2.56 | AN68: 43 | AO68: 9 | AP68: 2.89 | AQ68: 47 | AR68: 8 | AS68: 2.82 | AT68: 48 | AU68: 8 | AV68: 3.01 | AW68: 46 | AX68: 9 | AY68: 3.3 | AZ68: 45 | BA68: 9 | BB68: 3.8
A69: United Kingdom | B69: GBR | C69: WE/EU | D69: 70 | E69: 20 | F69: 8 | G69: 1.576231 | H69: 71 | I69: 20 | J69: 8 | K69: 2.0543 | L69: 71 | M69: 20 | N69: 8 | O69: 1.680516 | P69: 73 | Q69: 18 | R69: 8 | S69: 1.847196 | T69: 78 | U69: 11 | V69: 8 | W69: 1.428169 | X69: 77 | Y69: 11 | Z69: 8 | AA69: 2.201047 | AB69: 77 | AC69: 12 | AD69: 8 | AE69: 3.337237 | AF69: 80 | AG69: 11 | AH69: 8 | AI69: 2.03 | AJ69: 82 | AK69: 8 | AL69: 8 | AM69: 1.7 | AN69: 81 | AO69: 7 | AP69: 2.12 | AQ69: 81 | AR69: 7 | AS69: 2.4 | AT69: 78 | AU69: 7 | AV69: 2.09 | AW69: 76 | AX69: 8 | AY69: 1.3 | AZ69: 74 | BA69: 8 | BB69: 1.3
A70: Grenada | B70: GRD | C70: AME | D70: 56 | E70: 46 | F70: 3 | G70: 4.877285 | H70: 56 | I70: 46 | J70: 3 | K70: 4.95147 | L70: 53 | M70: 49 | N70: 3 | O70: 3.736033 | P70: 52 | Q70: 51 | R70: 3 | S70: 3.230875 | T70: 53 | U70: 52 | V70: 3 | W70: 3.992716 | X70: 53 | Y70: 52 | Z70: 3 | AA70: 3.481887 | AB70: 53 | AC70: 51 | AD70: 3 | AE70: 4.3738 | AF70: 52 | AG70: 53 | AH70: 3 | AI70: 3 | AJ70: 52 | AK70: 52 | AL70: 3 | AM70: 3 | AN70: 56 | AO70: 3 | AP70: 4.63
A71: Guatemala | B71: GTM | C71: AME | D71: 26 | E71: 142 | F71: 7 | G71: 1.131141 | H71: 25 | I71: 146 | J71: 7 | K71: 1.499999 | L71: 23 | M71: 154 | N71: 7 | O71: 1.362267 | P71: 24 | Q71: 150 | R71: 7 | S71: 1.129734 | T71: 25 | U71: 150 | V71: 7 | W71: 1.173231 | X71: 25 | Y71: 149 | Z71: 7 | AA71: 1.380452 | AB71: 26 | AC71: 146 | AD71: 7 | AE71: 2.231707 | AF71: 27 | AG71: 144 | AH71: 7 | AI71: 2.56 | AJ71: 28 | AK71: 143 | AL71: 7 | AM71: 2.19 | AN71: 28 | AO71: 6 | AP71: 2.58 | AQ71: 28 | AR71: 6 | AS71: 3.46 | AT71: 32 | AU71: 6 | AV71: 2.96 | AW71: 29 | AX71: 6 | AY71: 2.6 | AZ71: 33 | BA71: 6 | BB71: 2.7
A72: Guinea | B72: GIN | C72: SSA | D72: 26 | E72: 142 | F72: 7 | G72: 1.600812 | H72: 28 | I72: 133 | J72: 7 | K72: 1.13146 | L72: 26 | M72: 141 | N72: 7 | O72: 1.69493 | P72: 25 | Q72: 147 | R72: 7 | S72: 1.602557 | T72: 25 | U72: 150 | V72: 8 | W72: 1.268435 | X72: 28 | Y72: 137 | Z72: 8 | AA72: 1.878107 | AB72: 29 | AC72: 130 | AD72: 8 | AE72: 2.499444 | AF72: 28 | AG72: 138 | AH72: 6 | AI72: 2.67 | AJ72: 27 | AK72: 148 | AL72: 7 | AM72: 2.37 | AN72: 27 | AO72: 5 | AP72: 2.54 | AQ72: 25 | AR72: 6 | AS72: 3.16 | AT72: 25 | AU72: 7 | AV72: 3.21 | AW72: 24 | AX72: 7 | AY72: 3.6 | AZ72: 24 | BA72: 7 | BB72: 2.7
A73: Guinea Bissau | B73: GNB | C73: SSA | D73: 21 | E73: 161 | F73: 6 | G73: 4.301502 | H73: 21 | I73: 158 | J73: 6 | K73: 4.301311 | L73: 22 | M73: 158 | N73: 6 | O73: 2.925183 | P73: 21 | Q73: 164 | R73: 6 | S73: 2.668904 | T73: 21 | U73: 162 | V73: 6 | W73: 2.692334 | X73: 19 | Y73: 165 | Z73: 6 | AA73: 2.70877 | AB73: 18 | AC73: 168 | AD73: 6 | AE73: 2.909114 | AF73: 16 | AG73: 172 | AH73: 5 | AI73: 1.97 | AJ73: 17 | AK73: 171 | AL73: 5 | AM73: 1.7 | AN73: 16 | AO73: 4 | AP73: 2.09 | AQ73: 17 | AR73: 4 | AS73: 2.63 | AT73: 19 | AU73: 4 | AV73: 2.37 | AW73: 19 | AX73: 4 | AY73: 2.4 | AZ73: 25 | BA73: 4 | BB73: 2.1
A74: Guyana | B74: GUY | C74: AME | D74: 40 | E74: 84 | F74: 5 | G74: 1.797642 | H74: 39 | I74: 92 | J74: 5 | K74: 1.584077 | L74: 40 | M74: 87 | N74: 5 | O74: 2.313902 | P74: 40 | Q74: 85 | R74: 5 | S74: 2.183024 | T74: 39 | U74: 87 | V74: 5 | W74: 2.13326 | X74: 41 | Y74: 83 | Z74: 5 | AA74: 3.539517 | AB74: 40 | AC74: 85 | AD74: 5 | AE74: 3.337288 | AF74: 37 | AG74: 93 | AH74: 5 | AI74: 0.77 | AJ74: 38 | AK74: 91 | AL74: 5 | AM74: 1.84 | AN74: 34 | AO74: 6 | AP74: 3.57 | AQ74: 29 | AR74: 4 | AS74: 3.01 | AT74: 30 | AU74: 4 | AV74: 3.03 | AW74: 27 | AX74: 4 | AY74: 2.9 | AZ74: 28 | BA74: 4 | BB74: 2.1
A75: Haiti | B75: HTI | C75: AME | D75: 16 | E75: 169 | F75: 6 | G75: 2.167506 | H75: 16 | I75: 168 | J75: 6 | K75: 2.134819 | L75: 17 | M75: 172 | N75: 6 | O75: 1.32469 | P75: 17 | Q75: 171 | R75: 6 | S75: 1.343835 | T75: 20 | U75: 164 | V75: 6 | W75: 0.7415972 | X75: 18 | Y75: 170 | Z75: 6 | AA75: 2.47075 | AB75: 18 | AC75: 168 | AD75: 6 | AE75: 3.234971 | AF75: 20 | AG75: 161 | AH75: 6 | AI75: 2.47 | AJ75: 22 | AK75: 157 | AL75: 6 | AM75: 2.05 | AN75: 20 | AO75: 5 | AP75: 1.81 | AQ75: 17 | AR75: 5 | AS75: 2.74 | AT75: 19 | AU75: 5 | AV75: 2.86 | AW75: 19 | AX75: 5 | AY75: 3.1 | AZ75: 19 | BA75: 5 | BB75: 2.8
A76: Honduras | B76: HND | C76: AME | D76: 22 | E76: 157 | F76: 8 | G76: 0.8696029 | H76: 22 | I76: 154 | J76: 8 | K76: 1.018556 | L76: 23 | M76: 154 | N76: 8 | O76: 0.5349705 | P76: 23 | Q76: 157 | R76: 8 | S76: 0.5017294 | T76: 23 | U76: 157 | V76: 8 | W76: 0.8461102 | X76: 24 | Y76: 157 | Z76: 7 | AA76: 1.523377 | AB76: 26 | AC76: 146 | AD76: 7 | AE76: 3.254164 | AF76: 29 | AG76: 132 | AH76: 8 | AI76: 2.42 | AJ76: 29 | AK76: 135 | AL76: 8 | AM76: 2.32 | AN76: 30 | AO76: 7 | AP76: 3.05 | AQ76: 31 | AR76: 7 | AS76: 4.12 | AT76: 29 | AU76: 6 | AV76: 3.49 | AW76: 26 | AX76: 6 | AY76: 2.5 | AZ76: 28 | BA76: 6 | BB76: 2.4
A77: Hong Kong | B77: HKG | C77: AP | D77: 76 | E77: 12 | F77: 8 | G77: 2.420668 | H77: 74 | I77: 17 | J77: 7 | K77: 2.616151 | L77: 75 | M77: 14 | N77: 8 | O77: 2.180528 | P77: 76 | Q77: 12 | R77: 8 | S77: 1.613287 | T77: 76 | U77: 12 | V77: 8 | W77: 1.846345 | X77: 77 | Y77: 11 | Z77: 8 | AA77: 1.794969 | AB77: 76 | AC77: 16 | AD77: 8 | AE77: 3.152059 | AF77: 76 | AG77: 14 | AH77: 8 | AI77: 2.47 | AJ77: 77 | AK77: 13 | AL77: 7 | AM77: 2.37 | AN77: 77 | AO77: 7 | AP77: 2.62 | AQ77: 75 | AR77: 7 | AS77: 2.48 | AT77: 74 | AU77: 7 | AV77: 2.75 | AW77: 75 | AX77: 8 | AY77: 2.4 | AZ77: 77 | BA77: 8 | BB77: 1.9
A78: Belgium | B78: BEL | C78: WE/EU | D78: 69 | E78: 21 | F78: 8 | G78: 1.414537 | H78: 69 | I78: 22 | J78: 8 | K78: 1.658329 | L78: 73 | M78: 16 | N78: 8 | O78: 2.133975 | P78: 73 | Q78: 18 | R78: 8 | S78: 1.515366 | T78: 73 | U78: 18 | V78: 8 | W78: 1.435341 | X78: 76 | Y78: 15 | Z78: 7 | AA78: 1.053756 | AB78: 75 | AC78: 17 | AD78: 7 | AE78: 1.094819 | AF78: 75 | AG78: 17 | AH78: 8 | AI78: 1.09 | AJ78: 75 | AK78: 16 | AL78: 8 | AM78: 1.63 | AN78: 77 | AO78: 7 | AP78: 1.55 | AQ78: 77 | AR78: 7 | AS78: 1.34 | AT78: 76 | AU78: 7 | AV78: 2.26 | AW78: 75 | AX78: 7 | AY78: 2.3 | AZ78: 75 | BA78: 7 | BB78: 2.4
A79: Austria | B79: AUT | C79: WE/EU | D79: 69 | E79: 21 | F79: 8 | G79: 1.246618 | H79: 67 | I79: 25 | J79: 8 | K79: 1.922923 | L79: 71 | M79: 20 | N79: 8 | O79: 1.367177 | P79: 71 | Q79: 22 | R79: 8 | S79: 1.529005 | T79: 74 | U79: 13 | V79: 8 | W79: 0.8316687 | X79: 76 | Y79: 15 | Z79: 8 | AA79: 0.6740441 | AB79: 77 | AC79: 12 | AD79: 8 | AE79: 1.568815 | AF79: 76 | AG79: 14 | AH79: 8 | AI79: 1.37 | AJ79: 75 | AK79: 16 | AL79: 8 | AM79: 1.17 | AN79: 75 | AO79: 7 | AP79: 1.36 | AQ79: 76 | AR79: 7 | AS79: 1.76 | AT79: 72 | AU79: 7 | AV79: 3.49 | AW79: 69 | AX79: 8 | AY79: 3.2 | AZ79: 69 | BA79: 8 | BB79: 2.4
A80: India | B80: IND | C80: AP | D80: 39 | E80: 91 | F80: 9 | G80: 1.451228 | H80: 38 | I80: 96 | J80: 9 | K80: 1.32169 | L80: 39 | M80: 93 | N80: 9 | O80: 1.256354 | P80: 40 | Q80: 85 | R80: 9 | S80: 1.182201 | T80: 40 | U80: 85 | V80: 9 | W80: 1.173647 | X80: 40 | Y80: 86 | Z80: 9 | AA80: 1.141572 | AB80: 41 | AC80: 80 | AD80: 9 | AE80: 1.604926 | AF80: 41 | AG80: 78 | AH80: 9 | AI80: 2.42 | AJ80: 40 | AK80: 81 | AL80: 9 | AM80: 2.16 | AN80: 40 | AO80: 8 | AP80: 2.47 | AQ80: 38 | AR80: 8 | AS80: 3.14 | AT80: 38 | AU80: 9 | AV80: 2.27 | AW80: 36 | AX80: 10 | AY80: 2.2 | AZ80: 36 | BA80: 10 | BB80: 2.1
A81: Indonesia | B81: IDN | C81: AP | D81: 34 | E81: 109 | F81: 9 | G81: 2.343841 | H81: 37 | I81: 99 | J81: 9 | K81: 2.16006 | L81: 34 | M81: 115 | N81: 8 | O81: 1.804611 | P81: 34 | Q81: 110 | R81: 8 | S81: 1.783472 | T81: 38 | U81: 96 | V81: 9 | W81: 2.138731 | X81: 37 | Y81: 102 | Z81: 9 | AA81: 1.708278 | AB81: 40 | AC81: 85 | AD81: 9 | AE81: 3.756684 | AF81: 38 | AG81: 89 | AH81: 9 | AI81: 3.35 | AJ81: 37 | AK81: 96 | AL81: 9 | AM81: 3.12 | AN81: 37 | AO81: 8 | AP81: 2.39 | AQ81: 36 | AR81: 8 | AS81: 3.39 | AT81: 34 | AU81: 8 | AV81: 3.57 | AW81: 32 | AX81: 9 | AY81: 3.5 | AZ81: 32 | BA81: 9 | BB81: 2.9
A82: Iran | B82: IRN | C82: MENA | D82: 23 | E82: 153 | F82: 7 | G82: 2.024175 | H82: 23 | I82: 151 | J82: 7 | K82: 2.219655 | L82: 24 | M82: 149 | N82: 6 | O82: 2.626714 | P82: 25 | Q82: 147 | R82: 7 | S82: 2.322661 | T82: 25 | U82: 150 | V82: 7 | W82: 2.293519 | X82: 25 | Y82: 149 | Z82: 7 | AA82: 2.55992 | AB82: 26 | AC82: 146 | AD82: 7 | AE82: 3.626302 | AF82: 28 | AG82: 138 | AH82: 7 | AI82: 2.89 | AJ82: 30 | AK82: 130 | AL82: 7 | AM82: 3.51 | AN82: 29 | AO82: 7 | AP82: 2.47 | AQ82: 27 | AR82: 6 | AS82: 3.28 | AT82: 27 | AU82: 6 | AV82: 4.72 | AW82: 25 | AX82: 6 | AY82: 3.9 | AZ82: 28 | BA82: 6 | BB82: 4.6
... A107: Malaysia | B107: MYS | C107: AP | D107: 52 | E107: 54 | F107: 9 | G107: 1.287549 | H107: 50 | I107: 57 | J107: 9 | K107: 1.096785 | L107: 50 | M107: 57 | N107: 9 | O107: 0.9731172 | P107: 47 | Q107: 61 | R107: 9 | S107: 1.366884 | T107: 48 | U107: 62 | V107: 9 | W107: 1.319835 | X107: 51 | Y107: 57 | Z107: 9 | AA107: 1.617509 | AB107: 53 | AC107: 51 | AD107: 9 | AE107: 2.292706 | AF107: 47 | AG107: 61 | AH107: 9 | AI107: 2.86 | AJ107: 47 | AK107: 62 | AL107: 9 | AM107: 2.67 | AN107: 49 | AO107: 8 | AP107: 2.46 | AQ107: 50 | AR107: 8 | AS107: 3 | AT107: 52 | AU107: 8 | AV107: 2.88 | AW107: 50 | AX107: 9 | AY107: 3.4 | AZ107: 49 | BA107: 9 | BB107: 3.4
A108: Maldives | B108: MDV | C108: AP | D108: 39 | E108: 91 | F108: 3 | G108: 3.732095 | H108: 38 | I108: 96 | J108: 3 | K108: 2.853894 | L108: 39 | M108: 93 | N108: 3 | O108: 4.17214 | P108: 40 | Q108: 85 | R108: 3 | S108: 4.832095 | T108: 40 | U108: 85 | V108: 3 | W108: 4.39211 | X108: 43 | Y108: 75 | Z108: 3 | AA108: 7.69273 | AB108: 29 | AC108: 130 | AD108: 3 | AE108: 2.569968 | AF108: 31 | AG108: 124 | AH108: 3 | AI108: 2.24 | AJ108: 33 | AK108: 112 | AL108: 3 | AM108: 1.71 | AN108: 36 | AO108: 3 | AP108: 5.66
A109: Mali | B109: MLI | C109: SSA | D109: 28 | E109: 136 | F109: 8 | G109: 2.148479 | H109: 27 | I109: 135 | J109: 8 | K109: 2.311731 | L109: 28 | M109: 136 | N109: 8 | O109: 1.491682 | P109: 28 | Q109: 137 | R109: 8 | S109: 1.628118 | T109: 29 | U109: 136 | V109: 8 | W109: 1.463211 | X109: 30 | Y109: 129 | Z109: 8 | AA109: 1.49772 | AB109: 29 | AC109: 130 | AD109: 8 | AE109: 2.620483 | AF109: 32 | AG109: 120 | AH109: 7 | AI109: 1.38 | AJ109: 31 | AK109: 122 | AL109: 7 | AM109: 2.08 | AN109: 32 | AO109: 6 | AP109: 1.75 | AQ109: 35 | AR109: 6 | AS109: 1.89 | AT109: 32 | AU109: 6 | AV109: 3.37 | AW109: 28 | AX109: 6 | AY109: 3.3 | AZ109: 34 | BA109: 6 | BB109: 4
A110: Cyprus | B110: CYP | C110: WE/EU | D110: 55 | E110: 49 | F110: 6 | G110: 2.243217 | H110: 56 | I110: 46 | J110: 7 | K110: 2.480894 | L110: 53 | M110: 49 | N110: 8 | O110: 2.206436 | P110: 52 | Q110: 51 | R110: 8 | S110: 2.457489 | T110: 53 | U110: 52 | V110: 8 | W110: 2.594445 | X110: 57 | Y110: 42 | Z110: 7 | AA110: 3.191929 | AB110: 58 | AC110: 41 | AD110: 7 | AE110: 3.413456 | AF110: 59 | AG110: 38 | AH110: 7 | AI110: 3.54 | AJ110: 57 | AK110: 42 | AL110: 7 | AM110: 3.78 | AN110: 55 | AO110: 5 | AP110: 5.94 | AQ110: 61 | AR110: 5 | AS110: 4.17 | AT110: 63 | AU110: 5 | AV110: 3.92 | AW110: 63 | AX110: 5 | AY110: 3.9 | AZ110: 66 | BA110: 4 | BB110: 2.4
A111: Mauritania | B111: MRT | C111: SSA | D111: 30 | E111: 130 | F111: 6 | G111: 2.363677 | H111: 30 | I111: 130 | J111: 6 | K111: 2.29225 | L111: 30 | M111: 130 | N111: 6 | O111: 1.653217 | P111: 30 | Q111: 130 | R111: 6 | S111: 1.680436 | T111: 28 | U111: 140 | V111: 7 | W111: 1.850721 | X111: 29 | Y111: 134 | Z111: 6 | AA111: 1.603382 | AB111: 28 | AC111: 137 | AD111: 6 | AE111: 2.729102 | AF111: 27 | AG111: 144 | AH111: 6 | AI111: 2.95 | AJ111: 28 | AK111: 143 | AL111: 6 | AM111: 2.41 | AN111: 27 | AO111: 5 | AP111: 3.62 | AQ111: 31 | AR111: 5 | AS111: 5.07 | AT111: 30 | AU111: 5 | AV111: 4.23 | AW111: 30 | AX111: 5 | AY111: 4.1 | AZ111: 31 | BA111: 5 | BB111: 3.5
A112: Mauritius | B112: MUS | C112: SSA | D112: 48 | E112: 61 | F112: 7 | G112: 1.511846 | H112: 51 | I112: 56 | J112: 7 | K112: 2.52956 | L112: 51 | M112: 55 | N112: 6 | O112: 2.037093 | P112: 50 | Q112: 57 | R112: 6 | S112: 1.783055 | T112: 54 | U112: 49 | V112: 6 | W112: 1.597818 | X112: 53 | Y112: 52 | Z112: 6 | AA112: 1.535955 | AB112: 52 | AC112: 56 | AD112: 6 | AE112: 3.12463 | AF112: 51 | AG112: 56 | AH112: 5 | AI112: 3.83 | AJ112: 50 | AK112: 54 | AL112: 5 | AM112: 4.41 | AN112: 54 | AO112: 4 | AP112: 2.14 | AQ112: 53 | AR112: 4 | AS112: 1.49 | AT112: 54 | AU112: 4 | AV112: 2.39 | AW112: 52 | AX112: 5 | AY112: 1.1 | AZ112: 57 | BA112: 5 | BB112: 3.5
A113: Mexico | B113: MEX | C113: AME | D113: 27 | E113: 141 | F113: 8 | G113: 1.485453 | H113: 26 | I113: 140 | J113: 8 | K113: 1.664771 | L113: 31 | M113: 126 | N113: 9 | O113: 1.560548 | P113: 31 | Q113: 126 | R113: 9 | S113: 1.623537 | T113: 31 | U113: 124 | V113: 9 | W113: 1.429597 | X113: 31 | Y113: 124 | Z113: 9 | AA113: 1.381333 | AB113: 29 | AC113: 130 | AD113: 9 | AE113: 1.725735 | AF113: 28 | AG113: 138 | AH113: 9 | AI113: 1.83 | AJ113: 29 | AK113: 135 | AL113: 9 | AM113: 1.69 | AN113: 30 | AO113: 8 | AP113: 1.56 | AQ113: 31 | AR113: 8 | AS113: 3.02 | AT113: 35 | AU113: 8 | AV113: 1.66 | AW113: 34 | AX113: 9 | AY113: 1.8 | AZ113: 34 | BA113: 9 | BB113: 1.7
A114: Moldova | B114: MDA | C114: ECA | D114: 42 | E114: 80 | F114: 7 | G114: 1.763393 | H114: 43 | I114: 76 | J114: 7 | K114: 2.247457 | L114: 42 | M114: 76 | N114: 7 | O114: 2.102524 | P114: 39 | Q114: 91 | R114: 8 | S114: 1.646075 | T114: 36 | U114: 105 | V114: 7 | W114: 1.34492 | X114: 34 | Y114: 115 | Z114: 9 | AA114: 1.237908 | AB114: 32 | AC114: 120 | AD114: 9 | AE114: 2.395228 | AF114: 33 | AG114: 117 | AH114: 9 | AI114: 2.13 | AJ114: 31 | AK114: 122 | AL114: 9 | AM114: 1.54 | AN114: 30 | AO114: 9 | AP114: 2.18 | AQ114: 33 | AR114: 8 | AS114: 2.88 | AT114: 35 | AU114: 8 | AV114: 2.7 | AW114: 35 | AX114: 8 | AY114: 2.8 | AZ114: 36 | BA114: 8 | BB114: 2.6
A115: Mongolia | B115: MNG | C115: AP | D115: 31 | E115: 124 | F115: 8 | G115: 1.020156 | H115: 33 | I115: 114 | J115: 8 | K115: 1.38398 | L115: 33 | M115: 121 | N115: 7 | O115: 1.052163 | P115: 33 | Q115: 116 | R115: 8 | S115: 0.8162061 | T115: 35 | U115: 110 | V115: 8 | W115: 0.5707226 | X115: 35 | Y115: 111 | Z115: 9 | AA115: 0.7091675 | AB115: 35 | AC115: 106 | AD115: 9 | AE115: 1.887561 | AF115: 37 | AG115: 93 | AH115: 9 | AI115: 1.94 | AJ115: 36 | AK115: 103 | AL115: 9 | AM115: 1.4 | AN115: 38 | AO115: 9 | AP115: 1.7 | AQ115: 39 | AR115: 8 | AS115: 1.76 | AT115: 39 | AU115: 7 | AV115: 2.13 | AW115: 38 | AX115: 7 | AY115: 2.2 | AZ115: 36 | BA115: 7 | BB115: 2.6
A116: Montenegro | B116: MNE | C116: ECA | D116: 46 | E116: 65 | F116: 5 | G116: 2.946879 | H116: 46 | I116: 65 | J116: 5 | K116: 3.033371 | L116: 46 | M116: 63 | N116: 5 | O116: 2.545276 | P116: 45 | Q116: 65 | R116: 5 | S116: 1.932798 | T116: 46 | U116: 64 | V116: 5 | W116: 2.130811 | X116: 45 | Y116: 67 | Z116: 5 | AA116: 3.248579 | AB116: 45 | AC116: 66 | AD116: 5 | AE116: 4.836292 | AF116: 45 | AG116: 67 | AH116: 5 | AI116: 4.43 | AJ116: 46 | AK116: 64 | AL116: 5 | AM116: 2.45 | AN116: 45 | AO116: 4 | AP116: 2.89 | AQ116: 44 | AR116: 4 | AS116: 4.87 | AT116: 42 | AU116: 4 | AV116: 4.25 | AW116: 44 | AX116: 4 | AY116: 2.2 | AZ116: 41 | BA116: 4 | BB116: 4.5
A117: Morocco | B117: MAR | C117: MENA | D117: 39 | E117: 91 | F117: 8 | G117: 1.852868 | H117: 37 | I117: 99 | J117: 8 | K117: 1.548977 | L117: 38 | M117: 97 | N117: 7 | O117: 1.703866 | P117: 38 | Q117: 94 | R117: 7 | S117: 1.79714 | T117: 39 | U117: 87 | V117: 6 | W117: 2.474511 | X117: 40 | Y117: 86 | Z117: 7 | AA117: 2.215573 | AB117: 41 | AC117: 80 | AD117: 7 | AE117: 3.150518 | AF117: 43 | AG117: 73 | AH117: 7 | AI117: 3.68 | AJ117: 40 | AK117: 81 | AL117: 7 | AM117: 2.6 | AN117: 37 | AO117: 7 | AP117: 1.74 | AQ117: 36 | AR117: 6 | AS117: 3.85 | AT117: 39 | AU117: 6 | AV117: 3.57 | AW117: 37 | AX117: 8 | AY117: 2.9 | AZ117: 37 | BA117: 8 | BB117: 3.2
A118: Mozambique | B118: MOZ | C118: SSA | D118: 21 | E118: 161 | F118: 9 | G118: 1.800395 | H118: 25 | I118: 146 | J118: 8 | K118: 2.391397 | L118: 25 | M118: 145 | N118: 8 | O118: 1.905192 | P118: 26 | Q118: 142 | R118: 8 | S118: 1.893434 | T118: 26 | U118: 147 | V118: 8 | W118: 1.98776 | X118: 25 | Y118: 149 | Z118: 9 | AA118: 1.597154 | AB118: 26 | AC118: 146 | AD118: 9 | AE118: 2.977371 | AF118: 23 | AG118: 158 | AH118: 8 | AI118: 2.64 | AJ118: 25 | AK118: 153 | AL118: 8 | AM118: 2.87 | AN118: 27 | AO118: 8 | AP118: 2.57 | AQ118: 31 | AR118: 7 | AS118: 1.97 | AT118: 31 | AU118: 7 | AV118: 1.89 | AW118: 30 | AX118: 7 | AY118: 2 | AZ118: 31 | BA118: 7 | BB118: 1.6
A119: Myanmar | B119: MMR | C119: AP | D119: 16 | E119: 169 | F119: 7 | G119: 1.921047 | H119: 16 | I119: 168 | J119: 7 | K119: 2.00839 | L119: 20 | M119: 162 | N119: 7 | O119: 2.293598 | P119: 23 | Q119: 157 | R119: 7 | S119: 1.897972 | T119: 28 | U119: 140 | V119: 7 | W119: 2.777369 | X119: 28 | Y119: 137 | Z119: 7 | AA119: 2.650177 | AB119: 29 | AC119: 130 | AD119: 7 | AE119: 4.212792 | AF119: 29 | AG119: 132 | AH119: 7 | AI119: 3.94 | AJ119: 30 | AK119: 130 | AL119: 7 | AM119: 3.91 | AN119: 28 | AO119: 8 | AP119: 3.69 | AQ119: 22 | AR119: 7 | AS119: 2.82 | AT119: 21 | AU119: 7 | AV119: 2.87 | AW119: 21 | AX119: 6 | AY119: 3.9 | AZ119: 15 | BA119: 4 | BB119: 3.7
A120: Namibia | B120: NAM | C120: SSA | D120: 46 | E120: 65 | F120: 9 | G120: 2.01956 | H120: 49 | I120: 59 | J120: 8 | K120: 1.61373 | L120: 49 | M120: 59 | N120: 6 | O120: 2.841784 | P120: 49 | Q120: 59 | R120: 7 | S120: 2.484917 | T120: 49 | U120: 58 | V120: 7 | W120: 2.614393 | X120: 51 | Y120: 57 | Z120: 7 | AA120: 1.883827 | AB120: 52 | AC120: 56 | AD120: 7 | AE120: 3.132607 | AF120: 53 | AG120: 52 | AH120: 6 | AI120: 3.72 | AJ120: 51 | AK120: 53 | AL120: 6 | AM120: 3.22 | AN120: 52 | AO120: 5 | AP120: 2.03 | AQ120: 53 | AR120: 5 | AS120: 2.75 | AT120: 49 | AU120: 5 | AV120: 4 | AW120: 48 | AX120: 6 | AY120: 3.4 | AZ120: 48 | BA120: 6 | BB120: 3.5
... A141: Rwanda | B141: RWA | C141: SSA | D141: 58 | E141: 41 | F141: 7 | G141: 2.779256 | H141: 57 | I141: 43 | J141: 7 | K141: 2.628416 | L141: 53 | M141: 49 | N141: 6 | O141: 2.18984 | P141: 51 | Q141: 54 | R141: 6 | S141: 2.794789 | T141: 53 | U141: 52 | V141: 7 | W141: 3.589662 | X141: 54 | Y141: 49 | Z141: 7 | AA141: 3.39292 | AB141: 53 | AC141: 51 | AD141: 7 | AE141: 4.754766 | AF141: 56 | AG141: 48 | AH141: 6 | AI141: 6.07 | AJ141: 55 | AK141: 48 | AL141: 6 | AM141: 6 | AN141: 54 | AO141: 6 | AP141: 5.07 | AQ141: 54 | AR141: 5 | AS141: 6.42 | AT141: 49 | AU141: 4 | AV141: 3.23 | AW141: 53 | AX141: 5 | AY141: 5.7 | AZ141: 53 | BA141: 5 | BB141: 6.3
A142: Saint Lucia | B142: LCA | C142: AME | D142: 59 | E142: 39 | F142: 3 | G142: 7.922969 | H142: 59 | I142: 38 | J142: 3 | K142: 7.909218 | L142: 55 | M142: 45 | N142: 3 | O142: 3.700181 | P142: 55 | Q142: 45 | R142: 3 | S142: 3.700181 | T142: 56 | U142: 42 | V142: 3 | W142: 4.0273 | X142: 56 | Y142: 45 | Z142: 3 | AA142: 4.166605 | AB142: 55 | AC142: 48 | AD142: 3 | AE142: 4.154687 | AF142: 55 | AG142: 50 | AH142: 3 | AI142: 4.27 | AJ142: 55 | AK142: 48 | AL142: 3 | AM142: 4.27 | AN142: 60 | AO142: 3 | AP142: 6.8 | AT142: 71 | AU142: 3 | AV142: 0.84 | AW142: 71 | AX142: 3 | AY142: 0.8 | AZ142: 71 | BA142: 3 | BB142: 0.8
A143: Saint Vincent and the Grenadines | B143: VCT | C143: AME | D143: 63 | E143: 31 | F143: 3 | G143: 1.949243 | H143: 63 | I143: 32 | J143: 3 | K143: 1.943217 | L143: 60 | M143: 36 | N143: 3 | O143: 4.2627 | P143: 60 | Q143: 35 | R143: 3 | S143: 4.509137 | T143: 59 | U143: 36 | V143: 3 | W143: 3.547121 | X143: 59 | Y143: 40 | Z143: 3 | AA143: 4.019743 | AB143: 59 | AC143: 39 | AD143: 3 | AE143: 4.14181 | AF143: 58 | AG143: 41 | AH143: 3 | AI143: 3.39 | AJ143: 58 | AK143: 40 | AL143: 3 | AM143: 3.39 | AN143: 60 | AO143: 3 | AP143: 1.66 | AT143: 62 | AU143: 3 | AV143: 5.59 | AW143: 62 | AX143: 3 | AY143: 5.6 | AZ143: 62 | BA143: 3 | BB143: 5.6
A144: Sao Tome and Principe | B144: STP | C144: SSA | D144: 45 | E144: 70 | F144: 4 | G144: 5.382471 | H144: 45 | I144: 69 | J144: 4 | K144: 5.375159 | L144: 45 | M144: 67 | N144: 4 | O144: 4.820227 | P144: 45 | Q144: 65 | R144: 4 | S144: 4.820227 | T144: 45 | U144: 66 | V144: 4 | W144: 4.820227 | X144: 47 | Y144: 63 | Z144: 4 | AA144: 5.058542 | AB144: 46 | AC144: 64 | AD144: 4 | AE144: 5.363743 | AF144: 46 | AG144: 64 | AH144: 4 | AI144: 5.05 | AJ144: 46 | AK144: 64 | AL144: 4 | AM144: 5.21 | AN144: 46 | AO144: 3 | AP144: 0.93 | AQ144: 42 | AR144: 3 | AS144: 5 | AT144: 42 | AU144: 3 | AV144: 5.05 | AW144: 42 | AX144: 3 | AY144: 5 | AZ144: 42 | BA144: 3 | BB144: 5
A145: Saudi Arabia | B145: SAU | C145: MENA | D145: 57 | E145: 45 | F145: 7 | G145: 3.839221 | H145: 59 | I145: 38 | J145: 7 | K145: 4.178684 | L145: 52 | M145: 53 | N145: 6 | O145: 5.282126 | P145: 51 | Q145: 54 | R145: 6 | S145: 4.643765 | T145: 53 | U145: 52 | V145: 7 | W145: 4.238444 | X145: 53 | Y145: 52 | Z145: 7 | AA145: 5.361357 | AB145: 53 | AC145: 51 | AD145: 7 | AE145: 7.561369 | AF145: 49 | AG145: 58 | AH145: 7 | AI145: 6.34 | AJ145: 49 | AK145: 57 | AL145: 7 | AM145: 6.14 | AN145: 46 | AO145: 5 | AP145: 7.54 | AQ145: 52 | AR145: 5 | AS145: 7.03 | AT145: 49 | AU145: 5 | AV145: 6.69 | AW145: 46 | AX145: 5 | AY145: 6.7 | AZ145: 44 | BA145: 5 | BB145: 6.4
A146: Senegal | B146: SEN | C146: SSA | D146: 46 | E146: 65 | F146: 9 | G146: 1.173817 | H146: 45 | I146: 69 | J146: 9 | K146: 1.411876 | L146: 43 | M146: 70 | N146: 9 | O146: 1.346635 | P146: 43 | Q146: 72 | R146: 9 | S146: 1.395357 | T146: 43 | U146: 73 | V146: 9 | W146: 1.352063 | X146: 45 | Y146: 67 | Z146: 9 | AA146: 1.328981 | AB146: 45 | AC146: 66 | AD146: 9 | AE146: 2.063146 | AF146: 45 | AG146: 67 | AH146: 9 | AI146: 2.51 | AJ146: 45 | AK146: 66 | AL146: 9 | AM146: 2.52 | AN146: 45 | AO146: 8 | AP146: 2.63 | AQ146: 44 | AR146: 8 | AS146: 2.61 | AT146: 43 | AU146: 8 | AV146: 2.28 | AW146: 41 | AX146: 9 | AY146: 1.5 | AZ146: 36 | BA146: 9 | BB146: 1.8
A147: Serbia | B147: SRB | C147: ECA | D147: 33 | E147: 116 | F147: 7 | G147: 2.008545 | H147: 35 | I147: 105 | J147: 8 | K147: 1.374835 | L147: 36 | M147: 104 | N147: 8 | O147: 1.259137 | P147: 36 | Q147: 101 | R147: 8 | S147: 1.33137 | T147: 38 | U147: 96 | V147: 8 | W147: 1.424244 | X147: 38 | Y147: 94 | Z147: 8 | AA147: 1.659292 | AB147: 39 | AC147: 91 | AD147: 8 | AE147: 2.484553 | AF147: 39 | AG147: 87 | AH147: 8 | AI147: 2.89 | AJ147: 41 | AK147: 77 | AL147: 8 | AM147: 2.8 | AN147: 42 | AO147: 7 | AP147: 3.69 | AQ147: 40 | AR147: 7 | AS147: 3.9 | AT147: 41 | AU147: 7 | AV147: 2.92 | AW147: 42 | AX147: 7 | AY147: 3.4 | AZ147: 39 | BA147: 7 | BB147: 2.6
A148: Seychelles | B148: SYC | C148: SSA | D148: 68 | E148: 24 | F148: 4 | G148: 2.354847 | H148: 72 | I148: 18 | J148: 4 | K148: 3.970868 | L148: 71 | M148: 20 | N148: 3 | O148: 0.3737209 | P148: 70 | Q148: 23 | R148: 3 | S148: 1.77507 | T148: 70 | U148: 23 | V148: 3 | W148: 1.343867 | X148: 66 | Y148: 27 | Z148: 4 | AA148: 2.974329 | AB148: 66 | AC148: 27 | AD148: 4 | AE148: 3.396858 | AF148: 66 | AG148: 28 | AH148: 4 | AI148: 3.08 | AJ148: 60 | AK148: 36 | AL148: 4 | AM148: 8.32 | AQ148: 55 | AR148: 3 | AS148: 8.5 | AT148: 55 | AU148: 3 | AV148: 8.62 | AW148: 54 | AX148: 4 | AY148: 8.2 | AZ148: 52 | BA148: 4 | BB148: 8
A149: Sierra Leone | B149: SLE | C149: SSA | D149: 34 | E149: 109 | F149: 8 | G149: 2.013546 | H149: 33 | I149: 114 | J149: 9 | K149: 2.167765 | L149: 35 | M149: 108 | N149: 8 | O149: 2.136913 | P149: 34 | Q149: 110 | R149: 9 | S149: 1.725161 | T149: 34 | U149: 115 | V149: 9 | W149: 1.835758 | X149: 33 | Y149: 117 | Z149: 8 | AA149: 2.420917 | AB149: 33 | AC149: 119 | AD149: 8 | AE149: 3.465013 | AF149: 30 | AG149: 129 | AH149: 9 | AI149: 2.17 | AJ149: 30 | AK149: 130 | AL149: 9 | AM149: 1.95 | AN149: 30 | AO149: 8 | AP149: 2.94 | AQ149: 29 | AR149: 8 | AS149: 3.44 | AT149: 31 | AU149: 8 | AV149: 2.3 | AW149: 30 | AX149: 8 | AY149: 2.4 | AZ149: 31 | BA149: 8 | BB149: 1.9
A150: Singapore | B150: SGP | C150: AP | D150: 84 | E150: 3 | F150: 9 | G150: 1.518263 | H150: 84 | I150: 3 | J150: 9 | K150: 1.47885 | L150: 83 | M150: 5 | N150: 9 | O150: 1.145734 | P150: 83 | Q150: 5 | R150: 8 | S150: 1.298433 | T150: 85 | U150: 4 | V150: 9 | W150: 1.159654 | X150: 85 | Y150: 3 | Z150: 9 | AA150: 1.203239 | AB150: 85 | AC150: 4 | AD150: 9 | AE150: 2.0484 | AF150: 85 | AG150: 3 | AH150: 9 | AI150: 1.98 | AJ150: 84 | AK150: 6 | AL150: 9 | AM150: 2.26 | AN150: 84 | AO150: 8 | AP150: 2.35 | AQ150: 85 | AR150: 8 | AS150: 2.02 | AT150: 84 | AU150: 8 | AV150: 1.75 | AW150: 86 | AX150: 9 | AY150: 2.3 | AZ150: 87 | BA150: 9 | BB150: 2.1
A151: Slovakia | B151: SVK | C151: WE/EU | D151: 48 | E151: 61 | F151: 9 | G151: 2.819107 | H151: 49 | I151: 59 | J151: 10 | K151: 2.292958 | L151: 54 | M151: 47 | N151: 9 | O151: 1.665892 | P151: 53 | Q151: 49 | R151: 10 | S151: 1.718302 | T151: 52 | U151: 56 | V151: 10 | W151: 2.013479 | X151: 49 | Y151: 60 | Z151: 9 | AA151: 2.691657 | AB151: 50 | AC151: 59 | AD151: 9 | AE151: 4.570875 | AF151: 50 | AG151: 57 | AH151: 9 | AI151: 4.11 | AJ151: 50 | AK151: 54 | AL151: 9 | AM151: 3.32 | AN151: 51 | AO151: 8 | AP151: 3.09 | AQ151: 51 | AR151: 8 | AS151: 3.63 | AT151: 50 | AU151: 8 | AV151: 4.07 | AW151: 47 | AX151: 8 | AY151: 4.7 | AZ151: 46 | BA151: 8 | BB151: 4.3
A152: Croatia | B152: HRV | C152: WE/EU | D152: 47 | E152: 63 | F152: 9 | G152: 1.833445 | H152: 47 | I152: 63 | J152: 9 | K152: 1.874004 | L152: 50 | M152: 57 | N152: 9 | O152: 1.245027 | P152: 50 | Q152: 57 | R152: 9 | S152: 0.9331777 | T152: 47 | U152: 63 | V152: 10 | W152: 1.561556 | X152: 47 | Y152: 63 | Z152: 10 | AA152: 1.476637 | AB152: 47 | AC152: 63 | AD152: 10 | AE152: 2.417929 | AF152: 48 | AG152: 60 | AH152: 10 | AI152: 2.77 | AJ152: 49 | AK152: 57 | AL152: 10 | AM152: 2.64 | AN152: 49 | AO152: 9 | AP152: 2.39 | AQ152: 51 | AR152: 9 | AS152: 2.02 | AT152: 48 | AU152: 9 | AV152: 3.25 | AW152: 48 | AX152: 9 | AY152: 3.3 | AZ152: 46 | BA152: 8 | BB152: 3.1
A153: Solomon Islands | B153: SLB | C153: AP | D153: 44 | E153: 73 | F153: 3 | G153: 6.890571 | H153: 43 | I153: 76 | J153: 3 | K153: 7.476987 | L153: 43 | M153: 70 | N153: 3 | O153: 7.428528 | P153: 42 | Q153: 77 | R153: 3 | S153: 7.67204 | T153: 43 | U153: 73 | V153: 3 | W153: 7.313673 | X153: 42 | Y153: 78 | Z153: 3 | AA153: 7.800267 | AB153: 42 | AC153: 77 | AD153: 3 | AE153: 8.689651 | AF153: 44 | AG153: 70 | AH153: 3 | AI153: 7.38 | AJ153: 39 | AK153: 85 | AL153: 3 | AM153: 3.71 | AN153: 42 | AO153: 3 | AP153: 3.34
A154: Somalia | B154: SOM | C154: SSA | D154: 9 | E154: 181 | F154: 6 | G154: 2.25772 | H154: 9 | I154: 179 | J154: 6 | K154: 2.301335 | L154: 11 | M154: 180 | N154: 6 | O154: 2.077071 | P154: 12 | Q154: 180 | R154: 6 | S154: 1.738225 | T154: 13 | U154: 178 | V154: 6 | W154: 1.891675 | X154: 12 | Y154: 179 | Z154: 6 | AA154: 2.292273 | AB154: 9 | AC154: 180 | AD154: 5 | AE154: 1.740826 | AF154: 10 | AG154: 180 | AH154: 6 | AI154: 3.08 | AJ154: 9 | AK154: 180 | AL154: 5 | AM154: 2.26 | AN154: 10 | AO154: 5 | AP154: 2.98 | AQ154: 8 | AR154: 4 | AS154: 2.32 | AT154: 8 | AU154: 4 | AV154: 2.34 | AW154: 8 | AX154: 4 | AY154: 1.9 | AZ154: 8 | BA154: 4 | BB154: 2.3
A155: South Africa | B155: ZAF | C155: SSA | D155: 41 | E155: 81 | F155: 9 | G155: 2.391731 | H155: 41 | I155: 82 | J155: 9 | K155: 2.432995 | L155: 41 | M155: 83 | N155: 8 | O155: 2.084248 | P155: 43 | Q155: 72 | R155: 8 | S155: 2.006997 | T155: 44 | U155: 70 | V155: 8 | W155: 2.354487 | X155: 44 | Y155: 69 | Z155: 8 | AA155: 2.167147 | AB155: 44 | AC155: 70 | AD155: 8 | AE155: 3.442128 | AF155: 43 | AG155: 73 | AH155: 8 | AI155: 3.8 | AJ155: 43 | AK155: 71 | AL155: 8 | AM155: 3.98 | AN155: 45 | AO155: 7 | AP155: 2.55 | AQ155: 44 | AR155: 7 | AS155: 2.61 | AT155: 44 | AU155: 7 | AV155: 2.41 | AW155: 42 | AX155: 9 | AY155: 2.8 | AZ155: 43 | BA155: 9 | BB155: 2.5
...

Sheet CPI 2025 Regional Averages
A1: Corruption Perceptions Index 2025: Averages by Region
A2: EMBARGOED UNTIL 10.02.2026
A4: Region | B4: Average of CPI score 2025 | C4: N | D4: Average of CPI score 2024 | E4: N | F4: Average of CPI score 2023 | G4: N | H4: Average of CPI score 2022 | I4: N | J4: Average of CPI score 2021 | K4: N | L4: Average of CPI score 2020 | M4: N | N4: Average of CPI score 2019 | O4: N | P4: Average of CPI score 2018 | Q4: N | R4: Average of CPI score 2017 | S4: N | T4: Average of CPI score 2016 | U4: N
A5: AME | B5: 42 | C5: 33 | D5: 42 | E5: 32 | F5: 43 | G5: 32 | H5: 42.96875 | I5: 32 | J5: 43.125 | K5: 32 | L5: 43.375 | M5: 32 | N5: 43.375 | O5: 32 | P5: 43.71875 | Q5: 32 | R5: 44.1875 | S5: 32 | T5: 44.09375 | U5: 32
A6: AP | B6: 45 | C6: 32 | D6: 44 | E6: 31 | F6: 45 | G6: 31 | H6: 45.129032 | I6: 31 | J6: 45.096774 | K6: 31 | L6: 45.290323 | M6: 31 | N6: 44.870968 | O6: 31 | P6: 44.387097 | Q6: 31 | R6: 44.387097 | S6: 31 | T6: 43.866667 | U6: 30
A7: ECA | B7: 34 | C7: 19 | D7: 35 | E7: 19 | F7: 35 | G7: 19 | H7: 35.210526 | I7: 19 | J7: 35.684211 | K7: 19 | L7: 35.947368 | M7: 19 | N7: 34.789474 | O7: 19 | P7: 34.526316 | Q7: 19 | R7: 34.473684 | S7: 19 | T7: 34.315789 | U7: 19
A8: MENA | B8: 39 | C8: 18 | D8: 39 | E8: 18 | F8: 38 | G8: 18 | H8: 37.5 | I8: 18 | J8: 38.722222 | K8: 18 | L8: 39.111111 | M8: 18 | N8: 39 | O8: 18 | P8: 38.555556 | Q8: 18 | R8: 37.888889 | S8: 18 | T8: 37.5 | U8: 18
A9: SSA | B9: 32 | C9: 49 | D9: 33 | E9: 49 | F9: 33 | G9: 49 | H9: 32.387755 | I9: 49 | J9: 32.510204 | K9: 49 | L9: 32.306122 | M9: 49 | N9: 32.244898 | O9: 49 | P9: 32.244898 | Q9: 49 | R9: 32.020408 | S9: 49 | T9: 31.456522 | U9: 46
A10: WE/EU | B10: 64 | C10: 31 | D10: 64 | E10: 31 | F10: 65 | G10: 31 | H10: 65.516129 | I10: 31 | J10: 65.870968 | K10: 31 | L10: 65.806452 | M10: 31 | N10: 66.064516 | O10: 31 | P10: 66.322581 | Q10: 31 | R10: 66.354839 | S10: 31 | T10: 66.387097 | U10: 31
A11: TOTAL | B11: 42 | C11: 182 | D11: 43 | E11: 180 | F11: 43 | G11: 180 | H11: 42.977778 | I11: 180 | J11: 43.266667 | K11: 180 | L11: 43.344444 | M11: 180 | N11: 43.166667 | O11: 180 | P11: 43.116667 | Q11: 180 | R11: 43.072222 | S11: 180 | T11: 42.948864 | U11: 176
A14: Regime type* | B14: Average of CPI score 2025 | C14: N
A15: Full democracy | B15: 71 | C15: 25
A16: Flawed democracy | B16: 47 | C16: 46
A17: Hybrid regime | B17: 36 | C17: 36
A18: Authoritarian regime | B18: 29 | C18: 59
A19: TOTAL | C19: 166
A21: * Based on the Economist Intelligence Unit's democracy classification for the years 2024 and 2025. Data available at: https://ourworldindata.org/grapher/political-regime-eiu
A24: Civic Space* | B24: Average of CPI score 2024 | C24: N
A25: Open | B25: 67 | C25: 28
A26: Narrowed | B26: 50 | C26: 39
A27: Obstructed | B27: 38 | C27: 34
A28: Repressed | B28: 32 | C28: 50
A29: Closed | B29: 30 | C29: 29
A30: TOTAL | C30: 177
A32: * Based on the CIVICUS Monitor classification for the year 2024. Data avilalbe at: https://monitor.civicus.org/data/download/

Sheet Significant Changes since 2012 
A1: Corruption Perceptions Index 2025: Statistically Significant Changes since 2012
A2: EMBARGOED UNTIL 10.02.2026
A4: Country | B4: ISO3 | C4: Region | D4: CPI2025 | E4: Reference Year | F4: CPI score for reference year | G4: Direction of Change | H4: Change | I4: Category
A5: Argentina | B5: ARG | C5: AME | D5: 36 | E5: 2019 | F5: 45 | G5: -9 | H5: -9 since 2019 | I5: Decliner
A6: Australia | B6: AUS | C6: AP | D6: 76 | E6: 2012 | F6: 85 | G6: -9 | H6: -9 since 2012 | I6: Decliner
A7: Austria | B7: AUT | C7: WE/EU | D7: 69 | E7: 2019 | F7: 77 | G7: -8 | H7: -8 since 2019 | I7: Decliner
A8: Belarus | B8: BLR | C8: ECA | D8: 31 | E8: 2020 | F8: 47 | G8: -16 | H8: -16 since 2020 | I8: Decliner
A9: Belgium | B9: BEL | C9: WE/EU | D9: 69 | E9: 2016 | F9: 77 | G9: -8 | H9: -8 since 2016 | I9: Decliner
A10: Bosnia and Herzegovina | B10: BIH | C10: ECA | D10: 34 | E10: 2012 | F10: 42 | G10: -8 | H10: -8 since 2012 | I10: Decliner
A11: Botswana | B11: BWA | C11: SSA | D11: 58 | E11: 2012 | F11: 65 | G11: -7 | H11: -7 since 2012 | I11: Decliner
A12: Canada | B12: CAN | C12: AME | D12: 75 | E12: 2012 | F12: 84 | G12: -9 | H12: -9 since 2012 | I12: Decliner
A13: Chile | B13: CHL | C13: AME | D13: 63 | E13: 2014 | F13: 73 | G13: -10 | H13: -10 since 2014 | I13: Decliner
A14: Cuba | B14: CUB | C14: AME | D14: 40 | E14: 2019 | F14: 48 | G14: -8 | H14: -8 since 2019 | I14: Decliner
A15: Cyprus | B15: CYP | C15: WE/EU | D15: 55 | E15: 2012 | F15: 66 | G15: -11 | H15: -11 since 2012 | I15: Decliner
A16: El Salvador | B16: SLV | C16: AME | D16: 32 | E16: 2015 | F16: 39 | G16: -7 | H16: -7 since 2015 | I16: Decliner
... A27: Madagascar | B27: MDG | C27: SSA | D27: 25 | E27: 2012 | F27: 32 | G27: -7 | H27: -7 since 2012 | I27: Decliner
A28: Mali | B28: MLI | C28: SSA | D28: 28 | E28: 2015 | F28: 35 | G28: -7 | H28: -7 since 2015 | I28: Decliner | M28: Significant changes since 2012 | O28: Significant changes since 2016
A29: Malta | B29: MLT | C29: WE/EU | D29: 49 | E29: 2015 | F29: 60 | G29: -11 | H29: -11 since 2015 | I29: Decliner | L29: Region | M29: Decliner | N29: Improver | O29: Decliner | P29: Improver
A30: Mauritius | B30: MUS | C30: SSA | D30: 48 | E30: 2012 | F30: 57 | G30: -9 | H30: -9 since 2012 | I30: Decliner | L30: AME | M30: 12 | N30: 2 | O30: 8 | P30: 1
A31: Mexico | B31: MEX | C31: AME | D31: 27 | E31: 2014 | F31: 35 | G31: -8 | H31: -8 since 2014 | I31: Decliner | L31: AP | M31: 6 | N31: 8 | O31: 3 | P31: 5
A32: Mongolia | B32: MNG | C32: AP | D32: 31 | E32: 2015 | F32: 39 | G32: -8 | H32: -8 since 2015 | I32: Decliner | L32: ECA | M32: 6 | N32: 7 | O32: 5 | P32: 4
A33: Mozambique | B33: MOZ | C33: SSA | D33: 21 | E33: 2015 | F33: 31 | G33: -10 | H33: -10 since 2015 | I33: Decliner | L33: MENA | M33: 3 | N33: 0 | O33: 0 | P33: 0
A34: Myanmar | B34: MMR | C34: AP | D34: 16 | E34: 2017 | F34: 30 | G34: -14 | H34: -14 since 2017 | I34: Decliner | L34: SSA | M34: 10 | N34: 7 | O34: 4 | P34: 3
A35: New Zealand | B35: NZL | C35: AP | D35: 81 | E35: 2015 | F35: 91 | G35: -10 | H35: -10 since 2015 | I35: Decliner | L35: WE/EU | M35: 13 | N35: 7 | O35: 8 | P35: 3
A36: Nicaragua | B36: NIC | C36: AME | D36: 14 | E36: 2012 | F36: 29 | G36: -15 | H36: -15 since 2012 | I36: Decliner | L36: TOTAL | M36: 50 | N36: 31 | O36: 28 | P36: 16
A37: Norway | B37: NOR | C37: WE/EU | D37: 81 | E37: 2015 | F37: 88 | G37: -7 | H37: -7 since 2015 | I37: Decliner
A38: Peru | B38: PER | C38: AME | D38: 30 | E38: 2020 | F38: 38 | G38: -8 | H38: -8 since 2020 | I38: Decliner
A39: Poland | B39: POL | C39: WE/EU | D39: 53 | E39: 2015 | F39: 63 | G39: -10 | H39: -10 since 2015 | I39: Decliner
A40: Portugal | B40: PRT | C40: WE/EU | D40: 56 | E40: 2018 | F40: 64 | G40: -8 | H40: -8 since 2018 | I40: Decliner
A41: Russia | B41: RUS | C41: ECA | D41: 22 | E41: 2020 | F41: 30 | G41: -8 | H41: -8 since 2020 | I41: Decliner
A42: Serbia | B42: SRB | C42: ECA | D42: 33 | E42: 2016 | F42: 42 | G42: -9 | H42: -9 since 2016 | I42: Decliner
A43: South Sudan | B43: SSD | C43: SSA | D43: 9 | E43: 2015 | F43: 15 | G43: -6 | H43: -6 since 2015 | I43: Decliner
A44: Spain | B44: ESP | C44: WE/EU | D44: 55 | E44: 2012 | F44: 65 | G44: -10 | H44: -10 since 2012 | I44: Decliner
A45: Sri Lanka | B45: LKA | C45: AP | D45: 35 | E45: 2012 | F45: 40 | G45: -5 | H45: -5 since 2012 | I45: Decliner
A46: Sweden | B46: SWE | C46: WE/EU | D46: 80 | E46: 2015 | F46: 89 | G46: -9 | H46: -9 since 2015 | I46: Decliner
A47: Syria | B47: SYR | C47: MENA | D47: 15 | E47: 2012 | F47: 26 | G47: -11 | H47: -11 since 2012 | I47: Decliner
A48: Thailand | B48: THA | C48: AP | D48: 33 | E48: 2015 | F48: 38 | G48: -5 | H48: -5 since 2015 | I48: Decliner
... A85: Vietnam | B85: VNM | C85: AP | D85: 41 | E85: 2015 | F85: 31 | G85: 10 | H85: 10 since 2015 | I85: Improver

Sheet CPI 2025 Trends
A1: Corruption Perceptions Index 2024: 1-, 5- and 10-year trends
A2: EMBARGOED UNTIL 10.02.2026
E4: 1-year trend | G4: 5-year trend | I4: 10-year trend
A5: Country / Territory | B5: ISO3 | C5: Region | D5: CPI score 2025 | E5: CPI score 2024 | F5: Change since 2024 | G5: CPI score 2021 | H5: Change since 2021 | I5: CPI score 2016 | J5: Change since 2016
A6: Afghanistan | B6: AFG | C6: AP | D6: 16 | E6: 17 | F6: -1 | G6: 16 | H6: 0 | I6: 15 | J6: 1
A7: Albania | B7: ALB | C7: ECA | D7: 39 | E7: 42 | F7: -3 | G7: 35 | H7: 4 | I7: 39 | J7: 0
A8: Algeria | B8: DZA | C8: MENA | D8: 34 | E8: 34 | F8: 0 | G8: 33 | H8: 1 | I8: 34 | J8: 0
A9: Angola | B9: AGO | C9: SSA | D9: 32 | E9: 32 | F9: 0 | G9: 29 | H9: 3 | I9: 18 | J9: 14
A10: Argentina | B10: ARG | C10: AME | D10: 36 | E10: 37 | F10: -1 | G10: 38 | H10: -2 | I10: 36 | J10: 0
A11: Armenia | B11: ARM | C11: ECA | D11: 46 | E11: 47 | F11: -1 | G11: 49 | H11: -3 | I11: 33 | J11: 13
A12: Australia | B12: AUS | C12: AP | D12: 76 | E12: 77 | F12: -1 | G12: 73 | H12: 3 | I12: 79 | J12: -3
A13: Austria | B13: AUT | C13: WE/EU | D13: 69 | E13: 67 | F13: 2 | G13: 74 | H13: -5 | I13: 75 | J13: -6
A14: Azerbaijan | B14: AZE | C14: ECA | D14: 30 | E14: 22 | F14: 8 | G14: 30 | H14: 0 | I14: 30 | J14: 0
A15: Bahamas | B15: BHS | C15: AME | D15: 64 | E15: 65 | F15: -1 | G15: 64 | H15: 0 | I15: 66 | J15: -2
A16: Bahrain | B16: BHR | C16: MENA | D16: 50 | E16: 53 | F16: -3 | G16: 42 | H16: 8 | I16: 43 | J16: 7
A17: Bangladesh | B17: BGD | C17: AP | D17: 24 | E17: 23 | F17: 1 | G17: 26 | H17: -2 | I17: 26 | J17: -2
... A20: Belgium | B20: BEL | C20: WE/EU | D20: 69 | E20: 69 | F20: 0 | G20: 73 | H20: -4 | I20: 77 | J20: -8
A21: Belize | B21: BLZ | C21: AME | D21: 36 | E21: - | G21: - | I21: -
A22: Benin | B22: BEN | C22: SSA | D22: 45 | E22: 45 | F22: 0 | G22: 42 | H22: 3 | I22: 36 | J22: 9
A23: Bhutan | B23: BTN | C23: AP | D23: 71 | E23: 72 | F23: -1 | G23: 68 | H23: 3 | I23: 65 | J23: 6
A24: Bolivia | B24: BOL | C24: AME | D24: 28 | E24: 28 | F24: 0 | G24: 30 | H24: -2 | I24: 33 | J24: -5
A25: Bosnia and Herzegovina | B25: BIH | C25: ECA | D25: 34 | E25: 33 | F25: 1 | G25: 35 | H25: -1 | I25: 39 | J25: -5
A26: Botswana | B26: BWA | C26: SSA | D26: 58 | E26: 57 | F26: 1 | G26: 55 | H26: 3 | I26: 60 | J26: -2
A27: Brazil | B27: BRA | C27: AME | D27: 35 | E27: 34 | F27: 1 | G27: 38 | H27: -3 | I27: 40 | J27: -5
A28: Bulgaria | B28: BGR | C28: WE/EU | D28: 40 | E28: 43 | F28: -3 | G28: 42 | H28: -2 | I28: 41 | J28: -1
A29: Burkina Faso | B29: BFA | C29: SSA | D29: 40 | E29: 41 | F29: -1 | G29: 42 | H29: -2 | I29: 42 | J29: -2
A30: Burundi | B30: BDI | C30: SSA | D30: 17 | E30: 17 | F30: 0 | G30: 19 | H30: -2 | I30: 20 | J30: -3
A31: Cabo Verde | B31: CPV | C31: SSA | D31: 62 | E31: 62 | F31: 0 | G31: 58 | H31: 4 | I31: 59 | J31: 3
A32: Cambodia | B32: KHM | C32: AP | D32: 20 | E32: 21 | F32: -1 | G32: 23 | H32: -3 | I32: 21 | J32: -1
A33: Cameroon | B33: CMR | C33: SSA | D33: 26 | E33: 26 | F33: 0 | G33: 27 | H33: -1 | I33: 26 | J33: 0
... A55: El Salvador | B55: SLV | C55: AME | D55: 32 | E55: 30 | F55: 2 | G55: 34 | H55: -2 | I55: 36 | J55: -4
A56: Equatorial Guinea | B56: GNQ | C56: SSA | D56: 15 | E56: 13 | F56: 2 | G56: 17 | H56: -2 | I56: -
A57: Eritrea | B57: ERI | C57: SSA | D57: 13 | E57: 13 | F57: 0 | G57: 22 | H57: -9 | I57: 18 | J57: -5
A58: Estonia | B58: EST | C58: WE/EU | D58: 76 | E58: 76 | F58: 0 | G58: 74 | H58: 2 | I58: 70 | J58: 6
A59: Eswatini | B59: SWZ | C59: SSA | D59: 23 | E59: 27 | F59: -4 | G59: 32 | H59: -9 | I59: -
A60: Ethiopia | B60: ETH | C60: SSA | D60: 38 | E60: 37 | F60: 1 | G60: 39 | H60: -1 | I60: 34 | J60: 4
A61: Fiji | B61: FJI | C61: AP | D61: 55 | E61: 55 | F61: 0 | G61: 55 | H61: 0 | I61: -
A62: Finland | B62: FIN | C62: WE/EU | D62: 88 | E62: 88 | F62: 0 | G62: 88 | H62: 0 | I62: 89 | J62: -1
A63: France | B63: FRA | C63: WE/EU | D63: 66 | E63: 67 | F63: -1 | G63: 71 | H63: -5 | I63: 69 | J63: -3
A64: Gabon | B64: GAB | C64: SSA | D64: 29 | E64: 27 | F64: 2 | G64: 31 | H64: -2 | I64: 35 | J64: -6
A65: Gambia | B65: GMB | C65: SSA | D65: 37 | E65: 38 | F65: -1 | G65: 37 | H65: 0 | I65: 26 | J65: 11
A66: Georgia | B66: GEO | C66: ECA | D66: 50 | E66: 53 | F66: -3 | G66: 55 | H66: -5 | I66: 57 | J66: -7
A67: Germany | B67: DEU | C67: WE/EU | D67: 77 | E67: 75 | F67: 2 | G67: 80 | H67: -3 | I67: 81 | J67: -4
A68: Ghana | B68: GHA | C68: SSA | D68: 43 | E68: 42 | F68: 1 | G68: 43 | H68: 0 | I68: 43 | J68: 0
A69: Greece | B69: GRC | C69: WE/EU | D69: 50 | E69: 49 | F69: 1 | G69: 49 | H69: 1 | I69: 44 | J69: 6
A70: Grenada | B70: GRD | C70: AME | D70: 56 | E70: 56 | F70: 0 | G70: 53 | H70: 3 | I70: 56 | J70: 0
A71: Guatemala | B71: GTM | C71: AME | D71: 26 | E71: 25 | F71: 1 | G71: 25 | H71: 1 | I71: 28 | J71: -2
A72: Guinea | B72: GIN | C72: SSA | D72: 26 | E72: 28 | F72: -2 | G72: 25 | H72: 1 | I72: 27 | J72: -1
A73: Guinea Bissau | B73: GNB | C73: SSA | D73: 21 | E73: 21 | F73: 0 | G73: 21 | H73: 0 | I73: 16 | J73: 5
... A147: Serbia | B147: SRB | C147: ECA | D147: 33 | E147: 35 | F147: -2 | G147: 38 | H147: -5 | I147: 42 | J147: -9
A148: Seychelles | B148: SYC | C148: SSA | D148: 68 | E148: 72 | F148: -4 | G148: 70 | H148: -2 | I148: -
A149: Sierra Leone | B149: SLE | C149: SSA | D149: 34 | E149: 33 | F149: 1 | G149: 34 | H149: 0 | I149: 30 | J149: 4
A150: Singapore | B150: SGP | C150: AP | D150: 84 | E150: 84 | F150: 0 | G150: 85 | H150: -1 | I150: 84 | J150: 0
A151: Slovakia | B151: SVK | C151: WE/EU | D151: 48 | E151: 49 | F151: -1 | G151: 52 | H151: -4 | I151: 51 | J151: -3
A152: Slovenia | B152: SVN | C152: WE/EU | D152: 58 | E152: 60 | F152: -2 | G152: 57 | H152: 1 | I152: 61 | J152: -3
A153: Solomon Islands | B153: SLB | C153: AP | D153: 44 | E153: 43 | F153: 1 | G153: 43 | H153: 1 | I153: 42 | J153: 2
A154: Somalia | B154: SOM | C154: SSA | D154: 9 | E154: 9 | F154: 0 | G154: 13 | H154: -4 | I154: 10 | J154: -1
A155: South Africa | B155: ZAF | C155: SSA | D155: 41 | E155: 41 | F155: 0 | G155: 44 | H155: -3 | I155: 45 | J155: -4
A156: South Sudan | B156: SSD | C156: SSA | D156: 9 | E156: 8 | F156: 1 | G156: 11 | H156: -2 | I156: 11 | J156: -2
A157: Spain | B157: ESP | C157: WE/EU | D157: 55 | E157: 56 | F157: -1 | G157: 61 | H157: -6 | I157: 58 | J157: -3
A158: Sri Lanka | B158: LKA | C158: AP | D158: 35 | E158: 32 | F158: 3 | G158: 37 | H158: -2 | I158: 36 | J158: -1
A159: Sudan | B159: SDN | C159: SSA | D159: 14 | E159: 15 | F159: -1 | G159: 20 | H159: -6 | I159: 14 | J159: 0
A160: Suriname | B160: SUR | C160: AME | D160: 38 | E160: 40 | F160: -2 | G160: 39 | H160: -1 | I160: 45 | J160: -7
... A180: Uzbekistan | B180: UZB | C180: ECA | D180: 31 | E180: 32 | F180: -1 | G180: 28 | H180: 3 | I180: 21 | J180: 10
A181: Vanuatu | B181: VUT | C181: AP | D181: 47 | E181: 50 | F181: -3 | G181: 45 | H181: 2 | I181: -
A182: Venezuela | B182: VEN | C182: AME | D182: 10 | E182: 10 | F182: 0 | G182: 14 | H182: -4 | I182: 17 | J182: -7
A183: Vietnam | B183: VNM | C183: AP | D183: 41 | E183: 40 | F183: 1 | G183: 39 | H183: 2 | I183: 33 | J183: 8
A184: Yemen | B184: YEM | C184: MENA | D184: 13 | E184: 13 | F184: 0 | G184: 16 | H184: -3 | I184: 14 | J184: -1
A185: Zambia | B185: ZMB | C185: SSA | D185: 37 | E185: 39 | F185: -2 | G185: 33 | H185: 4 | I185: 38 | J185: -1
A186: Zimbabwe | B186: ZWE | C186: SSA | D186: 22 | E186: 21 | F186: 1 | G186: 23 | H186: -1 | I186: 22 | J186: 0

Sheet CPI Historical
A1: Corruption Perceptions Index 2024: Historical Results
A2: EMBARGOED UNTIL 10.02.2026
A4: Country / Territory | B4: ISO3 | C4: Year | D4: Region | E4: CPI score | F4: Rank | G4: Standard error | H4: Number of sources | I4: Lower CI | J4: Upper CI | K4: African Development Bank CPIA | L4: Bertelsmann Foundation Sustainable Governance Index | M4: Bertelsmann Foundation Transformation Index | N4: Economist Intelligence Unit Country Ratings | O4: Freedom House Nations in Transit | P4: Global Insights Country Risk Ratings | Q4: IMD World Competitiveness Yearbook | R4: PERC Asia Risk Guide | S4: PRS International Country Risk Guide | T4: Varieties of Democracy Project | U4: World Bank CPIA | V4: World Economic Forum EOS | W4: World Justice Project Rule of Law Index | X4: Transparency International Bribe Payers Survey
A5: Afghanistan | B5: AFG | C5: 2012 | D5: AP | E5: 8 | F5: 174 | G5: 3.3 | H5: 3 | I5: 2 | J5: 13 | M5: 10 | P5: 1 | U5: 12
A6: Afghanistan | B6: AFG | C6: 2013 | D6: AP | E6: 8 | F6: 175 | G6: 3.3 | H6: 3 | I6: 3 | J6: 13 | M6: 10 | P6: 1 | U6: 12
A7: Afghanistan | B7: AFG | C7: 2014 | D7: AP | E7: 12 | F7: 172 | G7: 1.29 | H7: 4 | I7: 10 | J7: 14 | M7: 10 | P7: 11 | U7: 12 | W7: 16
A8: Afghanistan | B8: AFG | C8: 2015 | D8: AP | E8: 11 | F8: 166 | G8: 3.49 | H8: 4 | I8: 5 | J8: 17 | M8: 19 | P8: 11 | U8: 12 | W8: 2
A9: Afghanistan | B9: AFG | C9: 2016 | D9: AP | E9: 15 | F9: 169 | G9: 1.74 | H9: 5 | I9: 12 | J9: 17 | M9: 20 | P9: 10 | T9: 16 | U9: 13 | W9: 13
A10: Afghanistan | B10: AFG | C10: 2017 | D10: AP | E10: 15 | F10: 177 | G10: 1.39 | H10: 5 | I10: 13 | J10: 17 | M10: 17 | P10: 10 | T10: 15 | U10: 18 | W10: 16
A11: Afghanistan | B11: AFG | C11: 2018 | D11: AP | E11: 16 | F11: 172 | G11: 1.41 | H11: 5 | I11: 14 | J11: 18 | M11: 17 | P11: 10 | T11: 17 | U11: 18 | W11: 16
A12: Afghanistan | B12: AFG | C12: 2019 | D12: AP | E12: 16 | F12: 173 | G12: 2.554536 | H12: 5 | I12: 11.81056 | J12: 20.18944 | M12: 25 | P12: 10 | T12: 13 | U12: 18 | W12: 14
A13: Afghanistan | B13: AFG | C13: 2020 | D13: AP | E13: 19 | F13: 165 | G13: 2.440014 | H13: 5 | I13: 14.99838 | J13: 23.00162 | M13: 25 | P13: 10 | T13: 26 | U13: 18 | W13: 15
A14: Afghanistan | B14: AFG | C14: 2021 | D14: AP | E14: 16 | F14: 174 | G14: 2.12416 | H14: 5 | I14: 12.50576 | J14: 19.49424 | M14: 24.86647 | P14: 10.21805 | T14: 12.33825 | U14: 18.44911 | W14: 14.0221
A15: Afghanistan | B15: AFG | C15: 2022 | D15: AP | E15: 24 | F15: 150 | G15: 6.299999 | H15: 4 | I15: 13.668 | J15: 34.332 | M15: 25 | P15: 10 | T15: 43 | W15: 16
A16: Afghanistan | B16: AFG | C16: 2023 | D16: AP | E16: 20 | F16: 162 | G16: 6.244771 | H16: 5 | I16: 9.758576 | J16: 30.24142 | M16: 24.86647 | P16: 10.21805 | T16: 46.33829 | U16: 1.786336 | W16: 14.92038
A17: Afghanistan | B17: AFG | C17: 2024 | D17: AP | E17: 17 | F17: 165 | G17: 5.759683 | H17: 5 | I17: 7.55412 | J17: 26.44588 | M17: 25.63946 | P17: 5.883308 | T17: 39.52382 | U17: 0 | W17: 15.82653
A18: Afghanistan | B18: AFG | C18: 2025 | D18: =VLOOKUP(B18,'CPI Timeseries 2012 - 2025'!B:C,2,0) -> AP | E18: 16 | F18: 169 | G18: 4.225913 | H18: 5 | I18: 9.069504 | J18: 22.9305 | M18: 25.64426 | P18: 5.806674 | T18: 29.26165 | U18: 3.235348 | W18: 15.80222
A19: Albania | B19: ALB | C19: 2012 | D19: ECA | E19: 33 | F19: 113 | G19: 2 | H19: 7 | I19: 30 | J19: 36 | M19: 36 | N19: 38 | O19: 39 | P19: 32 | S19: 31 | V19: 32 | W19: 23
A20: Albania | B20: ALB | C20: 2013 | D20: ECA | E20: 31 | F20: 116 | G20: 2.1 | H20: 7 | I20: 28 | J20: 34 | M20: 32 | N20: 38 | O20: 37 | P20: 32 | S20: 31 | V20: 23 | W20: 23
A21: Albania | B21: ALB | C21: 2014 | D21: ECA | E21: 33 | F21: 110 | G21: 1.51 | H21: 7 | I21: 31 | J21: 35 | M21: 32 | N21: 38 | O21: 37 | P21: 32 | S21: 31 | V21: 37 | W21: 26
A22: Albania | B22: ALB | C22: 2015 | D22: ECA | E22: 36 | F22: 88 | G22: 3.5799999 | H22: 7 | I22: 30 | J22: 42 | M22: 36 | N22: 38 | O22: 37 | P22: 32 | S22: 41 | V22: 49 | W22: 18
A23: Albania | B23: ALB | C23: 2016 | D23: ECA | E23: 39 | F23: 83 | G23: 1.99 | H23: 7 | I23: 36 | J23: 42 | M23: 36 | N23: 37 | O23: 41 | P23: 47 | S23: 41 | V23: 41 | W23: 30
A24: Albania | B24: ALB | C24: 2017 | D24: ECA | E24: 38 | F24: 91 | G24: 1.81 | H24: 8 | I24: 35 | J24: 41 | M24: 37 | N24: 37 | O24: 42 | P24: 47 | S24: 41 | T24: 33 | V24: 39 | W24: 30
A25: Albania | B25: ALB | C25: 2018 | D25: ECA | E25: 36 | F25: 99 | G25: 1.65 | H25: 8 | I25: 33 | J25: 39 | M25: 37 | N25: 37 | O25: 42 | P25: 35 | S25: 41 | T25: 29 | V25: 39 | W25: 30
A26: Albania | B26: ALB | C26: 2019 | D26: ECA | E26: 35 | F26: 106 | G26: 2.507669 | H26: 8 | I26: 30.88742 | J26: 39.11258 | M26: 37 | N26: 37 | O26: 42 | P26: 35 | S26: 41 | T26: 20 | V26: 37 | W26: 28
A27: Albania | B27: ALB | C27: 2020 | D27: ECA | E27: 36 | F27: 104 | G27: 0.915488 | H27: 8 | I27: 34.4986 | J27: 37.5014 | M27: 37 | N27: 37 | O27: 42 | P27: 35 | S27: 41 | T27: 32 | V27: 37 | W27: 30
A28: Albania | B28: ALB | C28: 2021 | D28: ECA | E28: 35 | F28: 110 | G28: 1.326029 | H28: 8 | I28: 32.81868 | J28: 37.18132 | M28: 40.82453 | N28: 37.26319 | O28: 41.52041 | P28: 34.50329 | S28: 39.03732 | T28: 24.63613 | V28: 32.22817 | W28: 30.19112
A29: Albania | B29: ALB | C29: 2022 | D29: ECA | E29: 36 | F29: 101 | G29: 1.316355 | H29: 8 | I29: 33.84118 | J29: 38.15882 | M29: 41 | N29: 37 | O29: 42 | P29: 35 | S29: 32 | T29: 27 | V29: 42 | W29: 29
A30: Albania | B30: ALB | C30: 2023 | D30: ECA | E30: 37 | F30: 98 | G30: 1.560074 | H30: 7 | I30: 34.44148 | J30: 39.55852 | M30: 44.81405 | N30: 37.26319 | O30: 44.48782 | P30: 34.50329 | S30: 32.41864 | T30: 36.21062 | W30: 29.29284
A31: Albania | B31: ALB | C31: 2024 | D31: ECA | E31: 42 | F31: 80 | G31: 3.030323 | H31: 8 | I31: 37.03027 | J31: 46.96973 | M31: 47.12976 | N31: 34.52117 | O31: 44.28328 | P31: 32.26798 | S31: 39.67784 | T31: 34.73275 | V31: 71.04935 | W31: 29.72035
A32: Albania | B32: ALB | C32: 2025 | D32: =VLOOKUP(B32,'CPI Timeseries 2012 - 2025'!B:C,2,0) -> ECA | E32: 39 | F32: 91 | G32: 2.411099 | H32: 7 | I32: 35.0458 | J32: 42.9542 | M32: 55.7342 | N32: 34.4944 | O32: 44.27766 | P32: 32.21466 | S32: 41.83633 | T32: 32 | W32: 31.43714
A33: Algeria | B33: DZA | C33: 2012 | D33: MENA | E33: 34 | F33: 105 | G33: 3.3 | H33: 6 | I33: 29 | J33: 40 | K33: 40 | M33: 36 | N33: 38 | P33: 42 | S33: 31 | V33: 20
A34: Algeria | B34: DZA | C34: 2013 | D34: MENA | E34: 36 | F34: 94 | G34: 2.8 | H34: 6 | I34: 31 | J34: 41 | K34: 42 | M34: 36 | N34: 38 | P34: 42 | S34: 31 | V34: 25
A35: Algeria | B35: DZA | C35: 2014 | D35: MENA | E35: 36 | F35: 100 | G35: 2.0599999 | H35: 5 | I35: 33 | J35: 39 | M35: 36 | N35: 38 | P35: 42 | S35: 31 | V35: 31
A36: Algeria | B36: DZA | C36: 2015 | D36: MENA | E36: 36 | F36: 88 | G36: 1.85 | H36: 5 | I36: 33 | J36: 39 | M36: 36 | N36: 38 | P36: 42 | S36: 31 | V36: 34
A37: Algeria | B37: DZA | C37: 2016 | D37: MENA | E37: 34 | F37: 108 | G37: 2.94 | H37: 6 | I37: 29 | J37: 39 | M37: 36 | N37: 37 | P37: 22 | S37: 32 | T37: 44 | V37: 33
A38: Algeria | B38: DZA | C38: 2017 | D38: MENA | E38: 33 | F38: 112 | G38: 2.32 | H38: 6 | I38: 29 | J38: 37 | M38: 37 | N38: 37 | P38: 22 | S38: 32 | T38: 37 | V38: 34
A39: Algeria | B39: DZA | C39: 2018 | D39: MENA | E39: 35 | F39: 105 | G39: 1.21 | H39: 6 | I39: 33 | J39: 37 | M39: 37 | N39: 37 | P39: 35 | S39: 32 | T39: 32 | V39: 39
A40: Algeria | B40: DZA | C40: 2019 | D40: MENA | E40: 35 | F40: 106 | G40: 2.590262 | H40: 7 | I40: 30.75197 | J40: 39.24803 | M40: 37 | N40: 37 | P40: 35 | S40: 32 | T40: 23 | V40: 46 | W40: 36
A41: Algeria | B41: DZA | C41: 2020 | D41: MENA | E41: 36 | F41: 104 | G41: 1.481484 | H41: 7 | I41: 33.57037 | J41: 38.42963 | M41: 37 | N41: 37 | P41: 35 | S41: 32 | T41: 28 | V41: 46 | W41: 37
A42: Algeria | B42: DZA | C42: 2021 | D42: MENA | E42: 33 | F42: 117 | G42: 1.07623 | H42: 7 | I42: 31.2296 | J42: 34.7704 | M42: 36.83502 | N42: 37.26319 | P42: 34.50329 | S42: 30.32853 | T42: 26.08294 | V42: 32.0528 | W42: 35.58079
A43: Algeria | B43: DZA | C43: 2022 | D43: MENA | E43: 33 | F43: 116 | G43: 1.673809 | H43: 6 | I43: 30.25495 | J43: 35.74504 | M43: 37 | N43: 37 | P43: 35 | S43: 24 | T43: 29 | W43: 36
A44: Algeria | B44: DZA | C44: 2023 | D44: MENA | E44: 36 | F44: 104 | G44: 2.327238 | H44: 7 | I44: 32.18333 | J44: 39.81667 | M44: 36.83502 | N44: 37.26319 | P44: 34.50329 | S44: 23.70985 | T44: 28.25316 | V44: 51.51812 | W44: 36.47907
A45: Algeria | B45: DZA | C45: 2024 | D45: MENA | E45: 34 | F45: 107 | G45: 2.640527 | H45: 8 | I45: 29.66954 | J45: 38.33046 | K45: 20.65656 | M45: 38.53364 | N45: 34.52117 | P45: 32.26798 | S45: 23.70675 | T45: 29.25726 | V45: 58.49924 | W45: 36.66726
A46: Algeria | B46: DZA | C46: 2025 | D46: =VLOOKUP(B46,'CPI Timeseries 2012 - 2025'!B:C,2,0) -> MENA | E46: 34 | F46: 109 | G46: 2.318018 | H46: 8 | I46: 30.19845 | J46: 37.80155 | K46: 20.62847 | M46: 38.53995 | N46: 34.4944 | P46: 32.21466 | S46: 26.04158 | T46: 29.26165 | V46: 54.52669 | W46: 37.51739
A47: Angola | B47: AGO | C47: 2012 | D47: SSA | E47: 22 | F47: 157 | G47: 1.8 | H47: 7 | I47: 20 | J47: 25 | K47: 25 | M47: 19 | N47: 21 | P47: 22 | S47: 31 | U47: 23 | V47: 17
A48: Angola | B48: AGO | C48: 2013 | D48: SSA | E48: 23 | F48: 153 | G48: 2.8 | H48: 7 | I48: 18 | J48: 28 | K48: 40 | M48: 19 | N48: 21 | P48: 22 | S48: 21 | U48: 23 | V48: 19
A49: Angola | B49: AGO | C49: 2014 | D49: SSA | E49: 19 | F49: 161 | G49: 1.71 | H49: 6 | I49: 16 | J49: 22 | M49: 19 | N49: 21 | P49: 11 | S49: 21 | U49: 23 | V49: 17
A50: Angola | B50: AGO | C50: 2015 | D50: SSA | E50: 15 | F50: 163 | G50: 1.8 | H50: 5 | I50: 12 | J50: 18 | M50: 15 | N50: 21 | P50: 11 | S50: 12 | V50: 17
A51: Angola | B51: AGO | C51: 2016 | D51: SSA | E51: 18 | F51: 164 | G51: 1.68 | H51: 4 | I51: 15 | J51: 21 | M51: 16 | N51: 19 | P51: 22 | S51: 15
A52: Angola | B52: AGO | C52: 2017 | D52: SSA | E52: 19 | F52: 167 | G52: 1.28 | H52: 5 | I52: 17 | J52: 21 | M52: 17 | N52: 20 | P52: 22 | S52: 15 | T52: 20
A53: Angola | B53: AGO | C53: 2018 | D53: SSA | E53: 19 | F53: 165 | G53: 1.31 | H53: 6 | I53: 17 | J53: 21 | M53: 17 | N53: 20 | P53: 22 | S53: 19 | T53: 22 | V53: 14
A54: Angola | B54: AGO | C54: 2019 | D54: SSA | E54: 26 | F54: 146 | G54: 1.821627 | H54: 7 | I54: 23.01253 | J54: 28.98747 | M54: 29 | N54: 20 | P54: 22 | S54: 29 | T54: 32 | V54: 20 | W54: 27
A55: Angola | B55: AGO | C55: 2020 | D55: SSA | E55: 27 | F55: 142 | G55: 2.011135 | H55: 7 | I55: 23.70174 | J55: 30.29826 | M55: 29 | N55: 20 | P55: 22 | S55: 41 | T55: 31 | V55: 20 | W55: 27
A56: Angola | B56: AGO | C56: 2021 | D56: SSA | E56: 29 | F56: 136 | G56: 1.526104 | H56: 7 | I56: 26.48956 | J56: 31.51044 | M56: 32.8455 | N56: 19.79276 | P56: 34.50329 | S56: 33.11534 | T56: 33.31699 | V56: 23.46001 | W56: 28.39456
A57: Angola | B57: AGO | C57: 2022 | D57: SSA | E57: 33 | F57: 116 | G57: 2.807703 | H57: 7 | I57: 28.39537 | J57: 37.60463 | M57: 33 | N57: 20 | P57: 47 | S57: 32 | T57: 46 | V57: 22 | W57: 28
A58: Angola | B58: AGO | C58: 2023 | D58: SSA | E58: 33 | F58: 121 | G58: 2.813869 | H58: 7 | I58: 28.38526 | J58: 37.61475 | M58: 32.8455 | N58: 19.79276 | P58: 46.73721 | S58: 39.03732 | T58: 41.27445 | V58: 19.42665 | W58: 29.29284
A59: Angola | B59: AGO | C59: 2024 | D59: SSA | E59: 32 | F59: 121 | G59: 2.804178 | H59: 8 | I59: 27.40115 | J59: 36.59885 | K59: 38.01322 | M59: 34.23558 | N59: 18.41219 | P59: 45.55951 | S59: 41.85571 | T59: 40.89268 | V59: 10.39048 | W59: 29.72035
A60: Angola | B60: AGO | C60: 2025 | D60: =VLOOKUP(B60,'CPI Timeseries 2012 - 2025'!B:C,2,0) -> SSA | E60: 32 | F60: 120 | G60: 2.526907 | H60: 8 | I60: 27.85587 | J60: 36.14413 | K60: 37.98511 | M60: 34.24139 | N60: 18.37966 | P60: 45.51793 | S60: 41.83633 | T60: 37.47668 | V60: 14.30467 | W60: 28.83132
A61: Argentina | B61: ARG | C61: 2012 | D61: AME | E61: 35 | F61: 102 | G61: 2.6 | H61: 8 | I61: 31 | J61: 39 | M61: 40 | N61: 38 | P61: 32 | Q61: 31 | S61: 41 | V61: 19 | W61: 41 | X61: 38
A62: Argentina | B62: ARG | C62: 2013 | D62: AME | E62: 34 | F62: 106 | G62: 2.4 | H62: 8 | I62: 30 | J62: 38 | M62: 40 | N62: 38 | P62: 32 | Q62: 34 | S62: 31 | V62: 20 | W62: 40 | X62: 38
A63: Argentina | B63: ARG | C63: 2014 | D63: AME | E63: 34 | F63: 107 | G63: 2.4200001 | H63: 7 | I63: 30 | J63: 38 | M63: 40 | N63: 38 | P63: 32 | Q63: 31 | S63: 31 | V63: 24 | W63: 42
A64: Argentina | B64: ARG | C64: 2015 | D64: AME | E64: 32 | F64: 106 | G64: 1.84 | H64: 7 | I64: 29 | J64: 35 | M64: 36 | N64: 38 | P64: 32 | Q64: 25 | S64: 31 | V64: 28 | W64: 37
A65: Argentina | B65: ARG | C65: 2016 | D65: AME | E65: 36 | F65: 95 | G65: 1.76 | H65: 8 | I65: 33 | J65: 39 | M65: 36 | N65: 37 | P65: 34 | Q65: 37 | S65: 32 | T65: 39 | V65: 29 | W65: 46
A66: Argentina | B66: ARG | C66: 2017 | D66: AME | E66: 39 | F66: 85 | G66: 2.92 | H66: 8 | I66: 34 | J66: 44 | M66: 53 | N66: 37 | P66: 35 | Q66: 36 | S66: 32 | T66: 45 | V66: 29 | W66: 48
A67: Argentina | B67: ARG | C67: 2018 | D67: AME | E67: 40 | F67: 85 | G67: 2.7 | H67: 8 | I67: 36 | J67: 44 | M67: 53 | N67: 37 | P67: 35 | Q67: 40 | S67: 32 | T67: 46 | V67: 33 | W67: 48
A68: Argentina | B68: ARG | C68: 2019 | D68: AME | E68: 45 | F68: 66 | G68: 3.288657 | H68: 8 | I68: 39.6066 | J68: 50.3934 | M68: 61 | N68: 37 | P68: 47 | Q68: 38 | S68: 37 | T68: 54 | V68: 36 | W68: 50
A69: Argentina | B69: ARG | C69: 2020 | D69: AME | E69: 42 | F69: 78 | G69: 2.318056 | H69: 8 | I69: 38.19839 | J69: 45.80161 | M69: 61 | N69: 37 | P69: 35 | Q69: 29 | S69: 41 | T69: 48 | V69: 36 | W69: 49
A70: Argentina | B70: ARG | C70: 2021 | D70: AME | E70: 38 | F70: 96 | G70: 2.099133 | H70: 8 | I70: 34.54692 | J70: 41.45308 | M70: 48.80357 | N70: 37.26319 | P70: 34.50329 | Q70: 22.21965 | S70: 39.03732 | T70: 48.5085 | V70: 30.29917 | W70: 44.56358
A71: Argentina | B71: ARG | C71: 2022 | D71: AME | E71: 38 | F71: 94 | G71: 2.334808 | H71: 7 | I71: 34.17091 | J71: 41.82909 | M71: 49 | N71: 37 | P71: 35 | Q71: 24 | S71: 32 | T71: 47 | W71: 44
A72: Argentina | B72: ARG | C72: 2023 | D72: AME | E72: 37 | F72: 98 | G72: 2.046685 | H72: 8 | I72: 33.64344 | J72: 40.35656 | M72: 48.80357 | N72: 37.26319 | P72: 34.50329 | Q72: 26.75652 | S72: 32.41864 | T72: 47.7851 | V72: 25.56437 | W72: 43.6653
A73: Argentina | B73: ARG | C73: 2024 | D73: AME | E73: 37 | F73: 99 | G73: 3.013744 | H73: 8 | I73: 32.05746 | J73: 41.94254 | M73: 51.42782 | N73: 50.63015 | P73: 32.26798 | Q73: 20.33514 | S73: 32.78123 | T73: 47.73706 | V73: 18.2924 | W73: 43.61417
A74: Argentina | B74: ARG | C74: 2025 | D74: =VLOOKUP(B74,'CPI Timeseries 2012 - 2025'!B:C,2,0) -> AME | E74: 36 | F74: 104 | G74: 2.175089 | H74: 8 | I74: 32.43285 | J74: 39.56715 | M74: 47.13707 | N74: 34.4944 | P74: 32.21466 | Q74: 23.54823 | S74: 32.75889 | T74: 48.43006 | V74: 24.06956 | W74: 41.86042
A75: Armenia | B75: ARM | C75: 2012 | D75: ECA | E75: 34 | F75: 105 | G75: 2.7 | H75: 6 | I75: 29 | J75: 38 | M75: 40 | O75: 37 | P75: 32 | S75: 21 | U75: 35 | V75: 38
A76: Armenia | B76: ARM | C76: 2013 | D76: ECA | E76: 36 | F76: 94 | G76: 3.5 | H76: 6 | I76: 30 | J76: 42 | M76: 40 | O76: 37 | P76: 32 | S76: 21 | U76: 47 | V76: 38
A77: Armenia | B77: ARM | C77: 2014 | D77: ECA | E77: 37 | F77: 94 | G77: 3.6900001 | H77: 6 | I77: 31 | J77: 43 | M77: 40 | O77: 37 | P77: 32 | S77: 21 | U77: 47 | V77: 43
A78: Armenia | B78: ARM | C78: 2015 | D78: ECA | E78: 35 | F78: 95 | G78: 2.98 | H78: 5 | I78: 30 | J78: 40 | M78: 28 | O78: 37 | P78: 32 | S78: 31 | V78: 45
A79: Armenia | B79: ARM | C79: 2016 | D79: ECA | E79: 33 | F79: 113 | G79: 4.01 | H79: 6 | I79: 26 | J79: 40 | M79: 28 | O79: 41 | P79: 34 | S79: 32 | T79: 17 | V79: 45
A80: Armenia | B80: ARM | C80: 2017 | D80: ECA | E80: 35 | F80: 107 | G80: 3.79 | H80: 6 | I80: 29 | J80: 41 | M80: 33 | O80: 42 | P80: 35 | S80: 32 | T80: 20 | V80: 47
A81: Armenia | B81: ARM | C81: 2018 | D81: ECA | E81: 35 | F81: 105 | G81: 4 | H81: 6 | I81: 28 | J81: 42 | M81: 33 | O81: 39 | P81: 35 | S81: 32 | T81: 21 | V81: 51
A82: Armenia | B82: ARM | C82: 2019 | D82: ECA | E82: 42 | F82: 77 | G82: 4.310598 | H82: 6 | I82: 34.93062 | J82: 49.06938 | M82: 45 | O82: 39 | P82: 47 | S82: 32 | T82: 32 | V82: 60
A83: Armenia | B83: ARM | C83: 2020 | D83: ECA | E83: 49 | F83: 60 | G83: 3.504781 | H83: 6 | I83: 43.25216 | J83: 54.74784 | M83: 45 | O83: 44 | P83: 47 | S83: 32 | T83: 63 | V83: 60
A84: Armenia | B84: ARM | C84: 2021 | D84: ECA | E84: 49 | F84: 58 | G84: 3.764584 | H84: 6 | I84: 42.80726 | J84: 55.19274 | M84: 44.81405 | O84: 44.48782 | P84: 46.73721 | S84: 32.41864 | T84: 59.35958 | V84: 66.424
A85: Armenia | B85: ARM | C85: 2022 | D85: ECA | E85: 46 | F85: 63 | G85: 2.467806 | H85: 6 | I85: 41.9528 | J85: 50.0472 | M85: 45 | O85: 44 | P85: 47 | S85: 32 | T85: 55 | V85: 53
A86: Armenia | B86: ARM | C86: 2023 | D86: ECA | E86: 47 | F86: 62 | G86: 2.543364 | H86: 6 | I86: 42.82888 | J86: 51.17112 | M86: 48.80357 | O86: 44.48782 | P86: 46.73721 | S86: 32.41864 | T86: 55.01915 | V86: 53.79784
A87: Armenia | B87: ARM | C87: 2024 | D87: ECA | E87: 47 | F87: 63 | G87: 2.504353 | H87: 6 | I87: 42.89286 | J87: 51.10714 | M87: 51.42782 | O87: 44.28328 | P87: 45.55951 | S87: 32.78123 | T87: 49.79037 | V87: 56.17515
A88: Armenia | B88: ARM | C88: 2025 | D88: =VLOOKUP(B88,'CPI Timeseries 2012 - 2025'!B:C,2,0) -> ECA | E88: 46 | F88: 65 | G88: 2.304935 | H88: 6 | I88: 42.21991 | J88: 49.78009 | M88: 51.43563 | O88: 44.27766 | P88: 45.51793 | S88: 32.75889 | T88: 49.79923 | V88: 53.13171
A89: Australia | B89: AUS | C89: 2012 | D89: AP | E89: 85 | F89: 7 | G89: 1.1 | H89: 8 | I89: 83 | J89: 86 | L89: 81 | N89: 88 | P89: 83 | Q89: 87 | R89: 86 | S89: 89 | V89: 80 | W89: 83
A90: Australia | B90: AUS | C90: 2013 | D90: AP | E90: 81 | F90: 9 | G90: 1.5 | H90: 8 | I90: 79 | J90: 83 | L90: 81 | N90: 88 | P90: 83 | Q90: 78 | R90: 81 | S90: 79 | V90: 74 | W90: 83
A91: Australia | B91: AUS | C91: 2014 | D91: AP | E91: 80 | F91: 11 | G91: 1.3099999 | H91: 8 | I91: 78 | J91: 82 | L91: 81 | N91: 71 | P91: 83 | Q91: 81 | R91: 80 | S91: 79 | V91: 83 | W91: 80
A92: Australia | B92: AUS | C92: 2015 | D92: AP | E92: 79 | F92: 13 | G92: 1.5 | H92: 8 | I92: 77 | J92: 81 | L92: 81 | N92: 71 | P92: 83 | Q92: 82 | R92: 74 | S92: 79 | V92: 81 | W92: 81
A93: Australia | B93: AUS | C93: 2016 | D93: AP | E93: 79 | F93: 13 | G93: 1.27 | H93: 8 | I93: 77 | J93: 81 | L93: 80 | N93: 72 | P93: 83 | Q93: 81 | R93: 81 | S93: 76 | V93: 80 | W93: 78
A94: Australia | B94: AUS | C94: 2017 | D94: AP | E94: 77 | F94: 13 | G94: 1.4 | H94: 9 | I94: 75 | J94: 79 | L94: 79 | N94: 72 | P94: 71 | Q94: 81 | R94: 83 | S94: 76 | T94: 75 | V94: 82 | W94: 78
A95: Australia | B95: AUS | C95: 2018 | D95: AP | E95: 77 | F95: 13 | G95: 1.27 | H95: 9 | I95: 75 | J95: 79 | L95: 79 | N95: 72 | P95: 71 | Q95: 80 | R95: 83 | S95: 76 | T95: 75 | V95: 80 | W95: 78
A96: Australia | B96: AUS | C96: 2019 | D96: AP | E96: 77 | F96: 12 | G96: 1.317929 | H96: 9 | I96: 74.8386 | J96: 79.1614 | L96: 79 | N96: 72 | P96: 71 | Q96: 81 | R96: 83 | S96: 76 | T96: 76 | V96: 76 | W96: 78
A97: Australia | B97: AUS | C97: 2020 | D97: AP | E97: 77 | F97: 11 | G97: 1.046566 | H97: 9 | I97: 75.28363 | J97: 78.71637 | L97: 70 | N97: 72 | P97: 71 | Q97: 83 | R97: 87 | S97: 76 | T97: 76 | V97: 76 | W97: 79
A98: Australia | B98: AUS | C98: 2021 | D98: AP | E98: 73 | F98: 18 | G98: 1.626727 | H98: 9 | I98: 70.32404 | J98: 75.67596 | L98: 70.38703 | N98: 72.20404 | P98: 71.02245 | Q98: 54.49133 | R98: 86.15831 | S98: 75.96259 | T98: 76.7213 | V98: 75.71824 | W98: 76.90162
A99: Australia | B99: AUS | C99: 2022 | D99: AP | E99: 75 | F99: 13 | G99: 0.7788845 | H99: 9 | I99: 73.72263 | J99: 76.27737 | L99: 70 | N99: 72 | P99: 71 | Q99: 73 | R99: 83 | S99: 76 | T99: 77 | V99: 77 | W99: 78
A100: Australia | B100: AUS | C100: 2023 | D100: AP | E100: 75 | F100: 14 | G100: 1.523523 | H100: 9 | I100: 72.50142 | J100: 77.49858 | L100: 70.38703 | N100: 72.20404 | P100: 83.25637 | Q100: 75.03564 | R100: 87.04162 | S100: 75.96259 | T100: 76.7213 | V100: 59.40947 | W100: 78.69818
A101: Australia | B101: AUS | C101: 2024 | D101: AP | E101: 77 | F101: 10 | G101: 1.671944 | H101: 9 | I101: 74.25801 | J101: 79.74199 | L101: 66.90742 | N101: 82.84811 | P101: 85.23571 | Q101: 76.62785 | R101: 88.76669 | S101: 78.15365 | T101: 73.06123 | V101: 61.52057 | W101: 79.21707
...
